level,category,number,title,kind,new_path,size_bytes,sha256,original_path
basic-1,unit,1,Hi,pdf,materials/basic-1/units/unit-01/unit-01.pdf,394085,d966a98dace59a13f82cbf769cd2bc824b2307ecf70ee0276941fa3db8b00113,basic-1/BASIC 1/UNIT/UNIT 1- Hi.pdf
basic-1,unit,1,Hi,audio,materials/basic-1/units/unit-01/audio.mp3,1760169,1f621a495926f48f5f255d09127f4ae9a7cbc928e4319ae278d02b6048ddf441,basic-1/BASIC 1/ÁUDIO/UNIT 1 HI.mp3
basic-1,unit,2,Numbers,pdf,materials/basic-1/units/unit-02/unit-02.pdf,327129,4886a27e6f20783765e8b92e75300f56b320fd7ac8e2d73dea93c854d197e91c,basic-1/BASIC 1/UNIT/UNIT 2- Numbers.pdf
basic-1,unit,2,Numbers,audio,materials/basic-1/units/unit-02/audio.mp3,1300627,3c6e2a77eb42b8de6297e94e5695e9893c3fb7fec314e58c3c6bd9f087a50dcb,basic-1/BASIC 1/ÁUDIO/UNIT 2 NUMBERS.mp3
basic-1,unit,3,Colors,pdf,materials/basic-1/units/unit-03/unit-03.pdf,450671,9ae4cf82561778163e20bf14079fd7b1403625e410d07cbcb1375c335ddc1cfc,basic-1/BASIC 1/UNIT/UNIT 3- Colors.pdf
basic-1,unit,3,Colors,audio,materials/basic-1/units/unit-03/audio.mp3,1594626,b8c1229b59e9235104f5412524b9e741e93e63e189faa814c4bb22572b5f059f,basic-1/BASIC 1/ÁUDIO/UNIT 3 COLORS.mp3
basic-1,unit,4,Rooms and Colors,pdf,materials/basic-1/units/unit-04/unit-04.pdf,374078,e227b1152d488a7e53ec03bf0f8e4a61fff1d70fbf769406114188d6f83c7502,basic-1/BASIC 1/UNIT/UNIT 4- Rooms and Colors.pdf
basic-1,unit,4,Rooms and Colors,audio,materials/basic-1/units/unit-04/audio.mp3,1899696,064d10892971ebbf071cfb2fd14f85eb43283ac1addc8af6ef395c35607070c2,basic-1/BASIC 1/ÁUDIO/UNIT 4 ROOMS AND COLORS.mp3
basic-1,unit,5,Family,pdf,materials/basic-1/units/unit-05/unit-05.pdf,487829,be22da37181f6d84aa9bff1ce91c39ed8599ac18c9dcdae3f33ef7c0c3b370ff,basic-1/BASIC 1/UNIT/UNIT 5- Family.pdf
basic-1,unit,5,Family,audio,materials/basic-1/units/unit-05/audio.mp3,667091,0318cc53e4202dcc56ac1cec06585f21c39964943ec0cdedd97def5af21d6887,basic-1/BASIC 1/ÁUDIO/UNIT 5 FAMILY.mp3
basic-1,unit,6,What Time?,pdf,materials/basic-1/units/unit-06/unit-06.pdf,567437,4b67d3fce19f6d154116fa2b6dd955b1fef34c213d24f272643a0a1d2be75f22,basic-1/BASIC 1/UNIT/UNIT 6- What Time.pdf
basic-1,unit,6,What Time?,audio,materials/basic-1/units/unit-06/audio.mp3,1338570,d1d68f3f096d08afe3cdbc7debb869ed5cd17e4cc1d3d84c4241ce6634ce6667,basic-1/BASIC 1/ÁUDIO/UNIT 6 WHAT TIME.mp3
basic-1,unit,7,Clothes,pdf,materials/basic-1/units/unit-07/unit-07.pdf,487038,62998178e71e5301634f3a02ef5ff824d8ef44bc852a2bdf8859b6713eb955eb,basic-1/BASIC 1/UNIT/UNIT 7- Clothes.pdf
basic-1,unit,7,Clothes,audio,materials/basic-1/units/unit-07/audio.mp3,1277170,d68f04f40b575374766be943e4642f0a41144261989e01796eef4b557ee363f1,basic-1/BASIC 1/ÁUDIO/UNIT 7 CLOTHES.mp3
basic-1,unit,8,Body Parts,pdf,materials/basic-1/units/unit-08/unit-08.pdf,431449,b9eac15a794d5bad64b81cdb8d29b1a1a8f517379d38209999f328df10fe1f60,basic-1/BASIC 1/UNIT/Unit 8- Body Parts.pdf
basic-1,unit,8,Body Parts,audio,materials/basic-1/units/unit-08/audio.mp3,1063423,342cd8ec9791a5920db3ad1e673c05b8e7c16cf98d161546581ee64d9655f87b,basic-1/BASIC 1/ÁUDIO/UNIT 8 BODY PARTS.mp3
basic-1,unit,9,Professions,pdf,materials/basic-1/units/unit-09/unit-09.pdf,707423,86176abc6f34aa0153188d428dd164cdf48aa5239b4c28e782c81f3caf813d16,basic-1/BASIC 1/UNIT/Unit 9- Professions.pdf
basic-1,unit,9,Professions,audio,materials/basic-1/units/unit-09/audio.mp3,913418,9d2b63834c879372d0f1a0890a323bb4da5e0b6d366b1f36e1c0756eda497256,basic-1/BASIC 1/ÁUDIO/UNIT 9 PROFESSIONS.mp3
basic-1,unit,10,Food,pdf,materials/basic-1/units/unit-10/unit-10.pdf,560976,c6ccc12f0b73c1d19b829dbb8801ec54043db952a278e8112dfb840e1a6c58ae,basic-1/BASIC 1/UNIT/Unit 10- Food.pdf
basic-1,unit,10,Food,audio,materials/basic-1/units/unit-10/audio.mp3,1299340,e89429280873197c593bb8553eb62a28f9d6d7df33950bb37d06bde39b842fa0,basic-1/BASIC 1/ÁUDIO/UNIT 10 FOOD.mp3
basic-1,unit,11,Sports,pdf,materials/basic-1/units/unit-11/unit-11.pdf,517226,83b368be8266610628d88a33b68a4008faeba7d2d29a116739762e5cb60fa6de,basic-1/BASIC 1/UNIT/UNIT 11- Sports.pdf
basic-1,unit,11,Sports,audio,materials/basic-1/units/unit-11/audio.mp3,1655359,f2b038ee655c0d21aed0ee6eb0db63b93612e5c44ca2093c4359d797aed6fae2,basic-1/BASIC 1/ÁUDIO/UNIT 11 SPORTS.mp3
basic-1,unit,12,Cuisines,pdf,materials/basic-1/units/unit-12/unit-12.pdf,538290,fd6396dcb0ba700be8f89cc3ac3c6fe4254a1f5ae3a4d93a5ccdaf603564352e,basic-1/BASIC 1/UNIT/UNIT 12- Cuisines.pdf
basic-1,unit,12,Cuisines,audio,materials/basic-1/units/unit-12/audio.mp3,1504294,665cec2ca6a533660e0281bd980159a309785a151cde7e5a9b5182e17f71087e,basic-1/BASIC 1/ÁUDIO/UNIT 12 CUISINES.mp3
basic-1,unit,13,Where,pdf,materials/basic-1/units/unit-13/unit-13.pdf,676998,2a6b2915d4934040ab0d796d87561727b4d2e3f9d20f9490e0c5ee5732e01425,basic-1/BASIC 1/UNIT/UNIT 13- Where.pdf
basic-1,unit,13,Where,audio,materials/basic-1/units/unit-13/audio.mp3,1471695,b9b2c3078b95075cd8e4adb61e269d71c4907c083cf1feeb365b234704863ab4,basic-1/BASIC 1/ÁUDIO/UNIT 13 WHERE.mp3
basic-1,unit,14,Animals,pdf,materials/basic-1/units/unit-14/unit-14.pdf,730563,6f2ee463ce52910690286f585e87a56735ca57a092615ba0fef73d45a556dfd0,basic-1/BASIC 1/UNIT/UNIT 14- Animals.pdf
basic-1,unit,14,Animals,audio,materials/basic-1/units/unit-14/audio.mp3,1277260,91faf08bef63072dd27f0f14cdcbdcf1e7785ad7d5f6957f5a0aa99d264e2dd6,basic-1/BASIC 1/ÁUDIO/UNIT 14 ANIMALS.mp3
basic-1,unit,15,Weather,pdf,materials/basic-1/units/unit-15/unit-15.pdf,437602,e278feadd82d40c0bdfda225afdda95afbf73994a55fd60850261873aa6bf8d4,basic-1/BASIC 1/UNIT/UNIT 15- Weather.pdf
basic-1,unit,15,Weather,audio,materials/basic-1/units/unit-15/audio.mp3,1313708,95eec732c2d5a281d2c6b66aaa8ae7eb88a74e6906a71ea45e42d055dfca5268,basic-1/BASIC 1/ÁUDIO/UNIT 15 WEATHER.mp3
basic-1,unit,16,Places to Go,pdf,materials/basic-1/units/unit-16/unit-16.pdf,491409,733331a20ba0c5a020665a9f94c0da0c21db27645a4bf20a92de3913381d95f4,basic-1/BASIC 1/UNIT/UNIT 16- Places  To Go.pdf
basic-1,unit,16,Places to Go,audio,materials/basic-1/units/unit-16/audio.mp3,1755496,9dc58a0281299c576dee6d25afe7ba370751fc5af5d287095af90175b2ecdc87,basic-1/BASIC 1/ÁUDIO/UNIT 16 PLACES TO GO.mp3
basic-1,unit,17,Relationships,pdf,materials/basic-1/units/unit-17/unit-17.pdf,399986,551b32ec5612c51b3bd82558c078bc8594ae54416b8ecb40145b37f280dcb914,basic-1/BASIC 1/UNIT/UNIT 17- Relationships.pdf
basic-1,unit,17,Relationships,audio,materials/basic-1/units/unit-17/audio.mp3,1780571,b2acb302765acf09eb12c9053536521393110397688be3c38db9466346941909,basic-1/BASIC 1/ÁUDIO/UNIT 17 RELATIONSHIPS.mp3
basic-1,unit,18,Abilities,pdf,materials/basic-1/units/unit-18/unit-18.pdf,459512,edc026452c50a7887df8064af5f8df97abd311949ed282ae2f187c8ee31d062b,basic-1/BASIC 1/UNIT/UNIT 18- Abilities.pdf
basic-1,unit,18,Abilities,audio,materials/basic-1/units/unit-18/audio.mp3,1804358,3b9a668f37d3f05c5a5a72db69711eabc0dc5cf20ae531265cf26d744199090b,basic-1/BASIC 1/ÁUDIO/UNIT 18 ABILITIES.mp3
basic-1,unit,19,Everyday Stuff,pdf,materials/basic-1/units/unit-19/unit-19.pdf,410058,518af93ef0a1d6a1daecca9d40662115e772c14be154cefdd3fbb8f11207ee85,basic-1/BASIC 1/UNIT/UNIT 19- Everyday Stuff.pdf
basic-1,unit,19,Everyday Stuff,audio,materials/basic-1/units/unit-19/audio.mp3,1607541,19c52e50c90e8b808f4ead77abcdfce19355fa0bc61adb2523699ca59007259e,basic-1/BASIC 1/ÁUDIO/UNIT 19 EVERYDAY STUFF.mp3
basic-1,unit,20,Possessions,pdf,materials/basic-1/units/unit-20/unit-20.pdf,581306,9352f60cb5c1c609cb22a137e4becfb6266b6e5b4ef513c04eb81e5e9139257d,basic-1/BASIC 1/UNIT/UNIT 20-Possessions.pdf
basic-1,unit,20,Possessions,audio,materials/basic-1/units/unit-20/audio.mp3,1109821,eda922b3d34fd4393fbcd9c6af796ac3ad40cb449bee2910ba807b36d28ec22b,basic-1/BASIC 1/ÁUDIO/UNIT 20 POSESSIONS.mp3
basic-1,resource,0,Useful Language,audio,materials/basic-1/resources/language-practice.mp3,1410072,6bc9e823c2c4413dd95e5210c7bb60768841af3ca1da1c34558de956210b62e0,basic-1/BASIC 1/ÁUDIO/UNIT 00 USEFUL LANGUAGE.mp3
basic-2,unit,21,At the Airport,pdf,materials/basic-2/units/unit-21/unit-21.pdf,450918,e2eddda4e8ca7b7961681e4a927e765c384fb4951ce7854be672648cc128a5b2,basic-2/BASIC 2/UNIT/UNIT 21- At The Airport.pdf
basic-2,unit,21,At the Airport,audio,materials/basic-2/units/unit-21/audio.mp3,1477591,2928301c0bb24301748a298e1cef260c0073cea33aebdb8e4d056ddf1220f50d,basic-2/BASIC 2/ÁUDIO/UNIT 21 AT THE AIRPORT.mp3
basic-2,unit,22,Beach,pdf,materials/basic-2/units/unit-22/unit-22.pdf,527405,df60ee966e96d5d5626f7c78a239a512c94c38d2f53d8c1c2fb9f1c46ad53908,basic-2/BASIC 2/UNIT/UNIT 22- Beach.pdf
basic-2,unit,22,Beach,audio,materials/basic-2/units/unit-22/audio.mp3,1659858,500a0636cf1371bfd63eea10945e11445b695891e242aab00858f6fbe51bb3f0,basic-2/BASIC 2/ÁUDIO/UNIT 22 BEACH.mp3
basic-2,unit,23,House Chores,pdf,materials/basic-2/units/unit-23/unit-23.pdf,484869,bba21098c5f6c6daddb275f3a87247b9d768120fca1d1cf3551a0311200c2f00,basic-2/BASIC 2/UNIT/UNIT 23- House Chores.pdf
basic-2,unit,23,House Chores,audio,materials/basic-2/units/unit-23/audio.mp3,1547652,2e6b08a2d15195ffcb306e9d58656ebfcf3eef764a52e97700bf552fa117b45c,basic-2/BASIC 2/ÁUDIO/UNIT 23 HOUSE CHORES.mp3
basic-2,unit,24,So Good,pdf,materials/basic-2/units/unit-24/unit-24.pdf,510650,82ca2bbac55a9c4e7f1fc9a87304dc94e7855edd98fff38eb4012b9e68b72a12,basic-2/BASIC 2/UNIT/UNIT 24- So Good.pdf
basic-2,unit,24,So Good,audio,materials/basic-2/units/unit-24/audio.mp3,1620860,0f0c3088a3492f783cdf47bf0bcfca83b04c746822092996ed4030cc3a38053c,basic-2/BASIC 2/ÁUDIO/UNIT 24 SO GOOD.mp3
basic-2,unit,25,Gym,pdf,materials/basic-2/units/unit-25/unit-25.pdf,438280,1c0a4dfceb080f3ee3ce11b2e97da5815551b9a9e2e2abed2f3d5e20b15e6a24,basic-2/BASIC 2/UNIT/UNIT 25- Gym.pdf
basic-2,unit,25,Gym,audio,materials/basic-2/units/unit-25/audio.mp3,1167986,24ab5eaf4c44ad4f4296585fe6d1e433e74cb6a84ac1097163e1f84249e4d0eb,basic-2/BASIC 2/ÁUDIO/UNIT 25 GYM.mp3
basic-2,unit,26,Likes and Dislikes,pdf,materials/basic-2/units/unit-26/unit-26.pdf,532544,35675d049e232cded64153cf29abb5acb9a80d89b3850ebb8f749e6f5262dcc1,basic-2/BASIC 2/UNIT/UNIT 26- Likes And Dislikes.pdf
basic-2,unit,26,Likes and Dislikes,audio,materials/basic-2/units/unit-26/audio.mp3,1834946,ab8bd1b853834e8b515aa9621a7ebd69969e7a51ea05d831081fd558ad658848,basic-2/BASIC 2/ÁUDIO/UNIT 26 LIKES AND DISLIKES.mp3
basic-2,unit,27,Disagreeing,pdf,materials/basic-2/units/unit-27/unit-27.pdf,551122,04efd766d81436054bf388eacc2d6dc3b742c225cc87051f8e26524b29dcaf1b,basic-2/BASIC 2/UNIT/UNIT 27- Disagreeing.pdf
basic-2,unit,27,Disagreeing,audio,materials/basic-2/units/unit-27/audio.mp3,1911163,cbfd969ffcb94d33b0e5a6736f4a1a8aac2386bff6ff2a2a62d05b273c6b28f4,basic-2/BASIC 2/ÁUDIO/UNIT 27 DISAGREEING.mp3
basic-2,unit,28,Places in the City,pdf,materials/basic-2/units/unit-28/unit-28.pdf,625940,5c2ece2e7b9dc93d19f5bfe681b445b020e3f2bd1b0124746389052bf0d35d58,basic-2/BASIC 2/UNIT/UNIT 28- Places in the city.pdf
basic-2,unit,28,Places in the City,audio,materials/basic-2/units/unit-28/audio.mp3,2053957,994275fb348afaa0e50549706bc460d5e084f31a9bf3d5de43f43bca371ac5f6,basic-2/BASIC 2/ÁUDIO/UNIT 28 PLACES IN THE CITY.mp3
basic-2,unit,29,Baby Care,pdf,materials/basic-2/units/unit-29/unit-29.pdf,418590,088a232935474a847756a00a61c8e77833687bfcbc1f2c69b88e7b4c35ee74bb,basic-2/BASIC 2/UNIT/UNIT 29- Baby Care.pdf
basic-2,unit,29,Baby Care,audio,materials/basic-2/units/unit-29/audio.mp3,1324969,eca3de603493b5b623cb728c7950db1260e7a90210cbd9c8a29f4e2fb4f83891,basic-2/BASIC 2/ÁUDIO/UNIT 29 BABY CARE.mp3
basic-2,unit,30,Stationery,pdf,materials/basic-2/units/unit-30/unit-30.pdf,452573,913dcd213b75ee27ebca5ebc8b96a71e67382751ccf94f354350d131e3344456,basic-2/BASIC 2/UNIT/UNIT 30- Stationery.pdf
basic-2,unit,30,Stationery,audio,materials/basic-2/units/unit-30/audio.mp3,1513951,8ba9c016591ade87e6bf9c1233bec736e1e33afc279f35275bf2afac74537443,basic-2/BASIC 2/ÁUDIO/UNIT 30 STATIONERY.mp3
basic-2,unit,31,At the Pharmacy,pdf,materials/basic-2/units/unit-31/unit-31.pdf,355493,be082721a36231e93d112c6f3fa3f1b08be7c211ac3ad76e0199e8e83ed82d53,basic-2/BASIC 2/UNIT/UNIT 31- At The Pharmacy.pdf
basic-2,unit,31,At the Pharmacy,audio,materials/basic-2/units/unit-31/audio.mp3,2149069,36a69c78d30af9c2dac54da048ac0c4a052626a62c6cb5f6df2e5c60c892dc16,basic-2/BASIC 2/ÁUDIO/UNIT 31 PHARMACY.mp3
basic-2,unit,32,Movies,pdf,materials/basic-2/units/unit-32/unit-32.pdf,571055,25c73ac1c44783cc5ac533d3cd361f93ac47fc35bcab13dece00774feb5cffec,basic-2/BASIC 2/UNIT/UNIT 32- Movies.pdf
basic-2,unit,32,Movies,audio,materials/basic-2/units/unit-32/audio.mp3,1675407,5af7884d1fc26427bf1572a62dbbee9c109b87f4103014d7f90ca2af92b9dc79,basic-2/BASIC 2/ÁUDIO/UNIT 32 MOVIES.mp3
basic-2,unit,33,How Was Your Day,pdf,materials/basic-2/units/unit-33/unit-33.pdf,377490,90915044090ddd79f75bcc747cdf7d82f352593f0c84961f62ec319fc5e25e9a,basic-2/BASIC 2/UNIT/UNIT 33- How Was Your Day.pdf
basic-2,unit,33,How Was Your Day,audio,materials/basic-2/units/unit-33/audio.mp3,1495531,b2fbcb8d8aa5e38792795b1d0cbfe088f4d76d65181333fcf967432b9ebf7e81,basic-2/BASIC 2/ÁUDIO/UNIT 33 HOW WAS YOUR DAY.mp3
basic-2,unit,34,Comparing,pdf,materials/basic-2/units/unit-34/unit-34.pdf,514419,55a9164b88de243ff7588dd5893688c8365a56a01deddd78347d4793329ba20a,basic-2/BASIC 2/UNIT/UNIT 34- Comparing.pdf
basic-2,unit,34,Comparing,audio,materials/basic-2/units/unit-34/audio.mp3,992887,f74c35fc6f64af6a68df71d15f6e644d175ac123877d7d22ec4a6523cbb9f0b6,basic-2/BASIC 2/ÁUDIO/UNIT 34 COMPARING.mp3
basic-2,unit,35,Work Rules,pdf,materials/basic-2/units/unit-35/unit-35.pdf,425663,b8d597e2f226fceb2d1b928e2f0e4b31bee1dd62bc34bdb0dbafcef09b5b7702,basic-2/BASIC 2/UNIT/UNIT 35- Work Rules.pdf
basic-2,unit,35,Work Rules,audio,materials/basic-2/units/unit-35/audio.mp3,3216262,66f46abb3935eeeadea11c136c98100d3e7fd90ea31ba0c7ad8d4f03d3abf127,basic-2/BASIC 2/ÁUDIO/UNIT 35 WORK RULES.mp3
basic-2,unit,36,Departments,pdf,materials/basic-2/units/unit-36/unit-36.pdf,355904,99e5e3f60e0480ad7043bc5c2256ede399d2f0077140e938ae7af68c82447737,basic-2/BASIC 2/UNIT/UNIT 36- Departments.pdf
basic-2,unit,36,Departments,audio,materials/basic-2/units/unit-36/audio.mp3,1557801,e86f9836c6eea7f43870e1196292d686b54a929721b49eb3dee4af9207ff3f05,basic-2/BASIC 2/ÁUDIO/UNIT 36 DEPARTMENTS.mp3
basic-2,unit,37,Work Tasks,pdf,materials/basic-2/units/unit-37/unit-37.pdf,386461,bc782fddf9bd04c53de236b54b19361f67bb5c0c1413aeda60ade27053f25c4f,basic-2/BASIC 2/UNIT/UNIT 37- Tasks At Work.pdf
basic-2,unit,37,Work Tasks,audio,materials/basic-2/units/unit-37/audio.mp3,1362939,b8f65da35cd8898277ca098cbba9d7ba1eddbb95403c20112099808b76b23a7e,basic-2/BASIC 2/ÁUDIO/UNIT 37 WORK TASKS.mp3
basic-2,unit,38,Office Spaces,pdf,materials/basic-2/units/unit-38/unit-38.pdf,469635,c6db6fc46bd7ea6037faddf82be42fcb2782043dd6789d4d2af95f4aa2a3107e,basic-2/BASIC 2/UNIT/UNIT 38- Office spaces.pdf
basic-2,unit,38,Office Spaces,audio,materials/basic-2/units/unit-38/audio.mp3,1479484,74f091ec0f72133d27ca15c46d988bab268e8386104e23c85e2ac7daf7d8864c,basic-2/BASIC 2/ÁUDIO/UNIT 38 OFFICE SPACES.mp3
basic-2,unit,39,Work Advice,pdf,materials/basic-2/units/unit-39/unit-39.pdf,382328,7695644615abe824b52d28bd311191e32b8132e56c3adbf671018240e7bfba0e,basic-2/BASIC 2/UNIT/UNIT 39- Work Advice.pdf
basic-2,unit,39,Work Advice,audio,materials/basic-2/units/unit-39/audio.mp3,1485272,b785fd224bfa4b6230715e6a53860bf57e5e6ad7acfd108d2361b7b3cf634c67,basic-2/BASIC 2/ÁUDIO/UNIT 39 WORK ADVICE.mp3
basic-2,resource,0,Useful Language,audio,materials/basic-2/resources/language-practice.mp3,1243328,f6070c1d9d52cf924bd9f367cd8f32a1c1c1f78819ab151e9c98305d01ff91ce,basic-2/BASIC 2/ÁUDIO/UNIT 00 USEFUL LANGUAGE.mp3
intermediate,unit,41,Eating Out,pdf,materials/intermediate/units/unit-41/unit-41.pdf,476554,0981ab5c201e67db2990c6cddb44ab9a002f683d1807bf33358057254fc35501,intermediate/INTERMEDIATE/UNIT/UNIT 41- EATING OUT.pdf
intermediate,unit,41,Eating Out,audio,materials/intermediate/units/unit-41/audio.mp3,2936685,3b07a9e290f739972c96a366242d44a484cb0f5805dcf3707e85bf249be46fdd,intermediate/INTERMEDIATE/ÁUDIO /UNIT/UNIT 41 EATING OUT.mp3
intermediate,unit,42,Procedures,pdf,materials/intermediate/units/unit-42/unit-42.pdf,352837,283f2396dcc4ff41517e002f61d28417f26482aa4fab5edda864ae566040995a,intermediate/INTERMEDIATE/UNIT/UNIT 42- PROCEDURES.pdf
intermediate,unit,42,Procedures,audio,materials/intermediate/units/unit-42/audio.mp3,2057968,d4c2d560037ac9c78ccc8459cb6d6325d84d9eebb361fd07b813982d355d9a54,intermediate/INTERMEDIATE/ÁUDIO /UNIT/UNIT 42 PROCEDURES.mp3
intermediate,unit,43,I'm Thankful,audio,materials/intermediate/units/unit-43/audio.mp3,2808057,bf72e05f938b8ef7b8a9376f8b8bb377980dc0c04977d858e7852e11268b103a,intermediate/INTERMEDIATE/ÁUDIO /UNIT/UNIT 43 I_M THANKFUL.mp3
intermediate,unit,44,Appearance,pdf,materials/intermediate/units/unit-44/unit-44.pdf,438853,c32d06ba4cc92776dc6584672a0797d1b5ed39bff75fe53421022656ef16862c,intermediate/INTERMEDIATE/UNIT/UNIT 44- APPEARANCE.pdf
intermediate,unit,44,Appearance,audio,materials/intermediate/units/unit-44/audio.mp3,1803510,3474936bbc163b2693c9154b5cd5b3e3b7c2af21ce5f78d001c322d9ef9d0aaf,intermediate/INTERMEDIATE/ÁUDIO /UNIT/UNIT 44 APPEARANCE.mp3
intermediate,unit,45,The Office,pdf,materials/intermediate/units/unit-45/unit-45.pdf,355570,c522fc64ed9f9e11a2e35f11db89efcd76f70c1f73597e836db1055ebad25b2d,intermediate/INTERMEDIATE/UNIT/UNIT 45- THE OFFICE.pdf
intermediate,unit,45,The Office,audio,materials/intermediate/units/unit-45/audio.mp3,1603009,03ab788f666012de350102729beade295d9878f5c91d2dcb1452f37f8cb4a0ab,intermediate/INTERMEDIATE/ÁUDIO /UNIT/UNIT 45 THE OFFICE.mp3
intermediate,unit,46,Karaoke Night,pdf,materials/intermediate/units/unit-46/unit-46.pdf,413987,1f5d3ee631fc51e3dc05241bd206e269e09200fccfdb5acb28740e23a6db61f0,intermediate/INTERMEDIATE/UNIT/UNIT 46- KARAOKE NIGHT.pdf
intermediate,unit,46,Karaoke Night,audio,materials/intermediate/units/unit-46/audio.mp3,2529611,74431038508fcb4157f9a58d20521b387c9711a32d3faecc193e2931b8fc4413,intermediate/INTERMEDIATE/ÁUDIO /UNIT/UNIT 46 KARAOKE NIGHT.mp3
intermediate,unit,47,Urban Life,pdf,materials/intermediate/units/unit-47/unit-47.pdf,623867,6c3c4dc485540c6f0baf8dcebbf9b5638e9f11b84ec2009056038ee5fb50aa74,intermediate/INTERMEDIATE/UNIT/UNIT 47- URBAN LIFE.pdf
intermediate,unit,47,Urban Life,audio,materials/intermediate/units/unit-47/audio.mp3,2651252,d6be615dbd043605462f257bfa7addac13efc62e8fcff8f7ba145c6e17c65661,intermediate/INTERMEDIATE/ÁUDIO /UNIT/UNIT 47 URBAN LIFE.mp3
intermediate,unit,48,Pots and Pans,pdf,materials/intermediate/units/unit-48/unit-48.pdf,414275,54d0de465f14b8d37f3594c337b61d4fed09ccc61c61f1a4287084ac9b49c354,intermediate/INTERMEDIATE/UNIT/UNIT 48- POTS AND PANS.pdf
intermediate,unit,48,Pots and Pans,audio,materials/intermediate/units/unit-48/audio.mp3,2113140,534340bc7b452ba3d6d062fc2bce9efb4fbd925e18358de66d2a625a194ba14f,intermediate/INTERMEDIATE/ÁUDIO /UNIT/UNIT 48 POTS AND PANS.mp3
intermediate,unit,49,Life Adventures,pdf,materials/intermediate/units/unit-49/unit-49.pdf,361276,01d266657d06e2ed3f68280bfb48a6652aafebc29eed7c326881b2845d15ab5b,intermediate/INTERMEDIATE/UNIT/UNIT 49- LIFE ADVENTURES.pdf
intermediate,unit,49,Life Adventures,audio,materials/intermediate/units/unit-49/audio.mp3,2646588,4ab8973cd8a9ddb927b0160bec1cf809c9e9ff215116bc6802a5a326fb1dc463,intermediate/INTERMEDIATE/ÁUDIO /UNIT/UNIT 49 LIFE ADVENTURES.mp3
intermediate,unit,50,Pets,pdf,materials/intermediate/units/unit-50/unit-50.pdf,439992,e12baa2ae626355d30ee80bce388bc780869cf17e1e90ac8357a665daacc9280,intermediate/INTERMEDIATE/UNIT/UNIT 50- PETS.pdf
intermediate,unit,50,Pets,audio,materials/intermediate/units/unit-50/audio.mp3,1811592,b197ab5938deb1e3e7552b9e1145775ce64e3ba4314ef76fe17e244efea6a7d3,intermediate/INTERMEDIATE/ÁUDIO /UNIT/UNIT 50 PETS.mp3
intermediate,unit,51,Workplace Skills,pdf,materials/intermediate/units/unit-51/unit-51.pdf,380097,15cfead9abbf85e4084c0a3cf8bedef45d3c14a09e14a032c04c54bcda517d8c,intermediate/INTERMEDIATE/UNIT/UNIT 51- WORKPLACE SKILLS.pdf
intermediate,unit,51,Workplace Skills,audio,materials/intermediate/units/unit-51/audio.mp3,2638649,b6af70f401e758cc0e46557a91ac9911b166ab5916e54fec9967a8263c44259c,intermediate/INTERMEDIATE/ÁUDIO /UNIT/UNIT 51 WORKPLACE SKILLS.mp3
intermediate,unit,52,Projects,pdf,materials/intermediate/units/unit-52/unit-52.pdf,340504,a5df5ef1f2efac24c63eb3f4d960e4a2de1c310d1cf90b9f2ed4b2be832bb8d6,intermediate/INTERMEDIATE/UNIT/UNIT 52- PROJECTS.pdf
intermediate,unit,52,Projects,audio,materials/intermediate/units/unit-52/audio.mp3,2417957,1c0737a07ff859785b25c1952f87095467fca8d80c1d80a763d458d9fee01753,intermediate/INTERMEDIATE/ÁUDIO /UNIT/UNIT 52 PROJECTS.mp3
intermediate,unit,53,Time Off,pdf,materials/intermediate/units/unit-53/unit-53.pdf,411474,1074a08effe0196052df68d1cea6933ef19e8941df872485affcecad2d93a64b,intermediate/INTERMEDIATE/UNIT/UNIT 53- TIME OFF.pdf
intermediate,unit,53,Time Off,audio,materials/intermediate/units/unit-53/audio.mp3,1418259,561f96645189de854cde3aae17a80ea6211175897c5206bea2b62aeb9f996a07,intermediate/INTERMEDIATE/ÁUDIO /UNIT/UNIT 53 TIME OFF.mp3
intermediate,unit,54,Meeting Flow,pdf,materials/intermediate/units/unit-54/unit-54.pdf,400789,d23ea650d44ee4e4206951c1527462ad6430d86f6896aba23f2f184bc10f110c,intermediate/INTERMEDIATE/UNIT/UNIT 54- MEETING FLOW.pdf
intermediate,unit,54,Meeting Flow,audio,materials/intermediate/units/unit-54/audio.mp3,2124136,5d24984c8efb467de2e4d3cab6c163261ed4e6e801c6d491eb5d1980962823e0,intermediate/INTERMEDIATE/ÁUDIO /UNIT/UNIT 54 MEETING FLOW.mp3
intermediate,unit,55,Job Interview,pdf,materials/intermediate/units/unit-55/unit-55.pdf,317111,afcfb316ff2c84f79fa813e0a5e01691a464d569081ee6cb71c4b3e2253fea6d,intermediate/INTERMEDIATE/UNIT/UNIT 55- JOB INTERVIEW.pdf
intermediate,unit,55,Job Interview,audio,materials/intermediate/units/unit-55/audio.mp3,2093619,fda984ae6c83331803bee120cf418282c8595d88e59ce00f1feb81bb6cb93a1b,intermediate/INTERMEDIATE/ÁUDIO /UNIT/UNIT 55 JOB INTERVIEW.mp3
intermediate,unit,56,Supply Chain,pdf,materials/intermediate/units/unit-56/unit-56.pdf,448166,e7fe776ae951d2425e3c60e4fa41a9d48e14e9c1225488b98ca9880bbdeb6015,intermediate/INTERMEDIATE/UNIT/UNIT 56- SUPPLY CHAIN.pdf
intermediate,unit,56,Supply Chain,audio,materials/intermediate/units/unit-56/audio.mp3,2132077,b0bb361473e23bba52891974f2d7194d9752b34d778a99c6e3b61a5ccac13ef7,intermediate/INTERMEDIATE/ÁUDIO /UNIT/UNIT 56 SUPPLY CHAIN.mp3
intermediate,unit,57,Human Resources,pdf,materials/intermediate/units/unit-57/unit-57.pdf,309137,f0f76ed9399a0aee069819a3a95ff45351d9d5c24c0a7627c7abbd59f30086d0,intermediate/INTERMEDIATE/UNIT/UNIT 57- HUMAN RESOURCES.pdf
intermediate,unit,57,Human Resources,audio,materials/intermediate/units/unit-57/audio.mp3,2156740,d2320ee8fbedb38cba7eb1c83bc300b08c39f9d23cf800f66dff5d0022010703,intermediate/INTERMEDIATE/ÁUDIO /UNIT/UNIT 57 HUMAN RESOURCES.mp3
intermediate,unit,58,Work Pay,pdf,materials/intermediate/units/unit-58/unit-58.pdf,360164,5ee880f02a960add27e3d996d8852b7b98c7df9a1c1370bdf24876be29c04f1d,intermediate/INTERMEDIATE/UNIT/UNIT 58- WORK PAY.pdf
intermediate,unit,58,Work Pay,audio,materials/intermediate/units/unit-58/audio.mp3,1777448,30e1c9eb45022d963c1497ef35587441d1318ba5818e7f5462d5701b9eee0139,intermediate/INTERMEDIATE/ÁUDIO /UNIT/UNIT 58 WORK PAY.mp3
intermediate,unit,59,Time to Talk,pdf,materials/intermediate/units/unit-59/unit-59.pdf,385423,bf2e39448ecff6492804486db1900f1eacfd2f451d0993d025e9f0f71b890b9a,intermediate/INTERMEDIATE/UNIT/UNIT 59- TIME TO TALK.pdf
intermediate,unit,59,Time to Talk,audio,materials/intermediate/units/unit-59/audio.mp3,2980535,a46fdeafeb9937c5a0d84e9d9814180e4a5a748d8a72221b9d14628dc2b6ebd5,intermediate/INTERMEDIATE/ÁUDIO /UNIT/UNIT 59 TIME TO TALK.mp3
intermediate,unit,60,Services,pdf,materials/intermediate/units/unit-60/unit-60.pdf,436987,3004ec22b8aa095a7b234b2775ff297f65d6091d741f5dea4cf7ebad20bd1b0d,intermediate/INTERMEDIATE/UNIT/UNIT 60- SERVICES.pdf
intermediate,unit,60,Services,audio,materials/intermediate/units/unit-60/audio.mp3,1918496,02e61057e5832099f80ff4e77bbbeb88fac0c1742b222af4bba89c646fafdba3,intermediate/INTERMEDIATE/ÁUDIO /UNIT/UNIT 60 SERVICES.mp3
intermediate,resource,0,Language Practice,audio,materials/intermediate/resources/language-practice.mp3,566451,377002ecb734730296313fcad358889a16a9c2a700d1b4f21d177b468fc79242,intermediate/INTERMEDIATE/ÁUDIO /UNIT/UNIT 00 Language practice.mp3
advanced,unit,61,Life Lately,pdf,materials/advanced/units/unit-61/unit-61.pdf,395920,c530bcdfcd5e21f9230a77264528764ce2bd291845d716dfcb048de091c93a6a,advanced/ADVANCED/UNIT/UNIT 61- LIFE LATELY.pdf
advanced,unit,61,Life Lately,audio,materials/advanced/units/unit-61/audio.mp3,2421373,aeb1f615d066f6177f69cdbef810b0a5ace260dfc8fda4784a429f502385f53e,advanced/ADVANCED/#U00c1UDIO/UNIT/UNIT 61 LIFE LATELY.mp3
advanced,unit,62,Dreams,pdf,materials/advanced/units/unit-62/unit-62.pdf,422621,79c1eef902a1392130170666f6ca012c6a287bb3e6c509b057d8b78190aab725,advanced/ADVANCED/UNIT/UNIT 62- DREAMS.pdf
advanced,unit,62,Dreams,audio,materials/advanced/units/unit-62/audio.mp3,2100311,b718075319d54a1a510e68b901213161910d1f2b4bdc4d4216d9390a0bb81072,advanced/ADVANCED/#U00c1UDIO/UNIT/UNIT 62 DREAMS.mp3
advanced,unit,63,Childhood,pdf,materials/advanced/units/unit-63/unit-63.pdf,537860,4228f95d5557d6f8dcc90ad6ad6e34889daae2fdd4a5eda19ad26aa224692815,advanced/ADVANCED/UNIT/UNIT 63- CHILDHOOD.pdf
advanced,unit,63,Childhood,audio,materials/advanced/units/unit-63/audio.mp3,1620910,c18cad2180f21e26ba1aa88b6a9876c4fdda4add7d39f192abd938e261674ea9,advanced/ADVANCED/#U00c1UDIO/UNIT/UNIT 63 CHILDHOOD.mp3
advanced,unit,64,Hotel Stay,pdf,materials/advanced/units/unit-64/unit-64.pdf,428813,45008844bf60d925fa3c0bb86127188f7cec99625fbca4b50e46d6afa8ce3daa,advanced/ADVANCED/UNIT/UNIT 64- HOTEL STAY.pdf
advanced,unit,64,Hotel Stay,audio,materials/advanced/units/unit-64/audio.mp3,1403000,0f8c8cce57127075d33c92dbd1dc979831652bb54324a9f97b14a3fd112f22db,advanced/ADVANCED/#U00c1UDIO/UNIT/UNIT 64 HOTEL STAY.mp3
advanced,unit,65,Team Meeting,pdf,materials/advanced/units/unit-65/unit-65.pdf,375678,b91f3ea5eb6004e9ab7cafb10f4918a65244fdeb77883553d1bef7c5f2e1cf49,advanced/ADVANCED/UNIT/UNIT 65- TEAM MEETING.pdf
advanced,unit,65,Team Meeting,audio,materials/advanced/units/unit-65/audio.mp3,2283797,68aac5c4a964093efa3d9bdf491d71901890f4da9ff894fb08efe13da9151839,advanced/ADVANCED/#U00c1UDIO/UNIT/UNIT 65 TEAM MEETING.mp3
advanced,unit,66,Breaking News,pdf,materials/advanced/units/unit-66/unit-66.pdf,434857,cc7457dd930e3e6ca7afea3297d4324e73b92b68ca8a9971908e0652f4b03fd8,advanced/ADVANCED/UNIT/UNIT 66- BREAKING NEWS.pdf
advanced,unit,66,Breaking News,audio,materials/advanced/units/unit-66/audio.mp3,2415229,91d48c729f64b1af940cd7f627796eb92e79ed057892ebf8969dc5861bbaaa4f,advanced/ADVANCED/#U00c1UDIO/UNIT/UNIT 66 BREAKING NEWS.mp3
advanced,unit,67,Personal Finance,pdf,materials/advanced/units/unit-67/unit-67.pdf,391951,796bfbc79e4d15fdc8666385375b8fbd7b7bfd734a43ca8cdf1eabf55f083158,advanced/ADVANCED/UNIT/UNIT 67- PERSONAL FINANCE .pdf
advanced,unit,67,Personal Finance,audio,materials/advanced/units/unit-67/audio.mp3,2143784,202693098b97d00d0495c8e43936f1ce5c148ffe84cc597913fdb1c767089c03,advanced/ADVANCED/#U00c1UDIO/UNIT/UNIT 67 PERSONAL FINANCE.mp3
advanced,unit,68,Green Energy,pdf,materials/advanced/units/unit-68/unit-68.pdf,375139,ba58502921e172aa4b315694cb5ddebe82b2e855ad737afb36d80ccb1f77ad5c,advanced/ADVANCED/UNIT/UNIT 68- GREEN ENERGY.pdf
advanced,unit,68,Green Energy,audio,materials/advanced/units/unit-68/audio.mp3,2292032,ee539de6c39e00e1b1c82d2ad31a2d335723422b77542e46c353f8a4df517dba,advanced/ADVANCED/#U00c1UDIO/UNIT/UNIT 68 GREEN ENERGY.mp3
advanced,unit,69,U.S. Congress,pdf,materials/advanced/units/unit-69/unit-69.pdf,454497,b1e1312b255154a4106015dc9a019760c226826d147cb014287cb89043c2df3f,advanced/ADVANCED/UNIT/UNIT 69- U.S CONGRESS.pdf
advanced,unit,69,U.S. Congress,audio,materials/advanced/units/unit-69/audio.mp3,1391421,bd01aba19f2a631dd64c866352b085b31082913b109ffdb29a3cf3aa9eea9f15,advanced/ADVANCED/#U00c1UDIO/UNIT/UNIT 69 US CONGRESS.mp3
advanced,unit,70,Goals,pdf,materials/advanced/units/unit-70/unit-70.pdf,381922,8b902edcb5863a9da4c969660107f5070a85efbeb5148dc59e22c620d8efafb0,advanced/ADVANCED/UNIT/UNIT 70-GOALS .pdf
advanced,unit,70,Goals,audio,materials/advanced/units/unit-70/audio.mp3,1329321,0225dad9ab90010565e32f01ced7381d8bb0e5fc45eedac9f512ac3b11eec82f,advanced/ADVANCED/#U00c1UDIO/UNIT/UNIT 70 GOALS.mp3
advanced,unit,71,Company Finances,pdf,materials/advanced/units/unit-71/unit-71.pdf,379018,4b4ce1b7a294b1b5dc5e80c41d49075b27ccff4763fd62061ab7d54cdda2c065,advanced/ADVANCED/UNIT/UNIT 71- COMPANY FINANCES.pdf
advanced,unit,71,Company Finances,audio,materials/advanced/units/unit-71/audio.mp3,2067716,781f76364192d54a5f84d285680b55562f2f533e4460708af3c13f9cebe0faff,advanced/ADVANCED/#U00c1UDIO/UNIT/UNIT 71 COMPANY FINANCES.mp3
advanced,unit,72,Quality Management,pdf,materials/advanced/units/unit-72/unit-72.pdf,360289,db3d76b8d0549e6e7aabc285c564f08c596ab2958eaf7e33664791dcf9067692,advanced/ADVANCED/UNIT/UNIT 72- QUALITY MANAGEMENT.pdf
advanced,unit,72,Quality Management,audio,materials/advanced/units/unit-72/audio.mp3,1729907,14707995648e4aee97ead1395065eb18a35fb0bb2a6f437038a0b6a4837a0c76,advanced/ADVANCED/#U00c1UDIO/UNIT/UNIT 72 QUALITY MANAGEMENT.mp3
advanced,unit,73,Work Communication,pdf,materials/advanced/units/unit-73/unit-73.pdf,430601,1506be943da65bde7cc4b2174f636dba48f2fc2851704341869bd13b10970c7f,advanced/ADVANCED/UNIT/UNIT 73- WORK COMMUNICATION .pdf
advanced,unit,73,Work Communication,audio,materials/advanced/units/unit-73/audio.mp3,2084430,056fa6805d5f282e4e506e09b121c32fbf7273814151b7f5179a2abbe446651d,advanced/ADVANCED/#U00c1UDIO/UNIT/UNIT 73 COMMUNICATION.mp3
advanced,unit,74,Graphs,pdf,materials/advanced/units/unit-74/unit-74.pdf,372142,27014ae0fda51f12423ff2e27fd9b876ee597209f5cb8ff1f287061a20a121f0,advanced/ADVANCED/UNIT/UNIT 74- GRAPHS.pdf
advanced,unit,74,Graphs,audio,materials/advanced/units/unit-74/audio.mp3,2383265,708ed7c97006fa91cd89342ab96dcc6211f2662ace3bdc8e27a07bfcd4b99f04,advanced/ADVANCED/#U00c1UDIO/UNIT/UNIT 74 GRAPHS.mp3
advanced,unit,75,Income Statement,pdf,materials/advanced/units/unit-75/unit-75.pdf,392705,169c754c16807e05f2b9cbe520661cefdf11de1816c371bde04be8c2078ae5cf,advanced/ADVANCED/UNIT/UNIT- 75- INCOME STATEMENT.pdf
advanced,unit,75,Income Statement,audio,materials/advanced/units/unit-75/audio.mp3,1544013,ea3f8a95ae24f194284ab2ec5efacd68b2c6e78676e2ae6a4f6fe5699437812a,advanced/ADVANCED/#U00c1UDIO/UNIT/UNIT 75 INCOME STATEMENT.mp3
advanced,unit,76,Marketing,pdf,materials/advanced/units/unit-76/unit-76.pdf,365349,9908e775e8a921f0c37b4d46d39776d5526a18f56a92e4fbe901aca17ce3cbea,advanced/ADVANCED/UNIT/UNIT 76- MARKETING.pdf
advanced,unit,76,Marketing,audio,materials/advanced/units/unit-76/audio.mp3,2008355,336ebb9bba9a01d4fe93e3b4e57274268a1a28ca9d750e1c1b302d69cd66d0ed,advanced/ADVANCED/#U00c1UDIO/UNIT/UNIT 76 MARKETING.mp3
advanced,unit,77,Budget Review,pdf,materials/advanced/units/unit-77/unit-77.pdf,353032,066ac56f6c54d7a849b27b1c30168e0bdc42f3129fea648863fc5b1198626c86,advanced/ADVANCED/UNIT/UNIT 77- BUDGET REVIEW.pdf
advanced,unit,77,Budget Review,audio,materials/advanced/units/unit-77/audio.mp3,2037617,d861392b13b6211e97956115d93f1851938e1cdfc6577a7e5051e9b1bba54c05,advanced/ADVANCED/#U00c1UDIO/UNIT/Unit 77 BUDGET REVIEW.mp3
advanced,unit,78,Business Goals,pdf,materials/advanced/units/unit-78/unit-78.pdf,450501,ee1116a9932fd70d3f9ef28233f404a5063e2c7b298b7ae30585b08453c40d5e,advanced/ADVANCED/UNIT/UNIT 78- BUSINESS GOALS.pdf
advanced,unit,78,Business Goals,audio,materials/advanced/units/unit-78/audio.mp3,1976181,5eef9158271e8ffa48fec3c10b06980ac575ccc4d00ac9fce9da8685a41ba3d0,advanced/ADVANCED/#U00c1UDIO/UNIT/UNIT 78 BUSINESS GOALS.mp3
advanced,unit,79,Failure,pdf,materials/advanced/units/unit-79/unit-79.pdf,451480,c16ad5eef1dd6b399e6c7933f05c7f0a05f4d1e9ac461ffd7c9eb38037af84a8,advanced/ADVANCED/UNIT/UNIT 79- FAILURE.pdf
advanced,unit,79,Failure,audio,materials/advanced/units/unit-79/audio.mp3,1623416,cfe9c43590eb850cdfc4d6c336e598c4d2cc7fd2acf25bf45813935bd57fc315,advanced/ADVANCED/#U00c1UDIO/UNIT/UNIT 79 FAILURE.mp3
advanced,unit,80,Putting Out Fires,pdf,materials/advanced/units/unit-80/unit-80.pdf,412047,64a5cbc5a6dce03185d8136ef78ac4737df5547ed1c9e7c866c0a4bfc940d723,advanced/ADVANCED/UNIT/UNIT 80- PUTTING OUT FIRES.pdf
advanced,unit,80,Putting Out Fires,audio,materials/advanced/units/unit-80/audio.mp3,3105927,a4ef59ea775d60da9abfc544222eccbe0c046304ccf6bc796cc4ca4a18203198,advanced/ADVANCED/#U00c1UDIO/UNIT/UNIT 80 PUTTING OUT FIRES.mp3
advanced,resource,0,Useful Language,audio,materials/advanced/resources/language-practice.mp3,806560,4eaae6c64cbd27872462b28a68970ef850f636e40fb747e92e724d1542fea45d,advanced/ADVANCED/#U00c1UDIO/UNIT/UNIT 00 USEFUL LANGUAGE.mp3
basic-2,conversation,1,How Often,pdf,materials/basic-2/conversation/conversation-01.pdf,152366,6cf3660308d2fbece3ce32f77ef63c06b1b8e8434dbfddad4302c23567ea7067,basic-2/BASIC 2/CONVERSATION/CONVERSATION #01 (HOW OFTEN).pdf
basic-2,conversation,2,Feelings,pdf,materials/basic-2/conversation/conversation-02.pdf,174357,6ff4cf064559ff34a765fa8b2f595b31725a36138a24c6d7870e5d24858d27a7,basic-2/BASIC 2/CONVERSATION/CONVERSATION #02 (FEELINGS).pdf
basic-2,conversation,3,Food,pdf,materials/basic-2/conversation/conversation-03.pdf,150108,0df02e7083e7e81a90a372e9c74eb3c6769e92e2c495a824e09452b757b57834,basic-2/BASIC 2/CONVERSATION/CONVERSATION #03 (FOOD) .pdf
basic-2,conversation,4,Professions,pdf,materials/basic-2/conversation/conversation-04.pdf,205635,15e49f227609e489f0079c718f5dfc7b07d0f7f4833755b4dc65acecd3e8ce14,basic-2/BASIC 2/CONVERSATION/CONVERSATION #04 (PROFESSIONS).pdf
basic-2,conversation,5,What Are They Doing,pdf,materials/basic-2/conversation/conversation-05.pdf,209674,c6a47f3d01dca769867ff1ffe97b90b0d3e563c3ecdab51a8dfec79c7c77fe20,basic-2/BASIC 2/CONVERSATION/CONVERSATION #05 (WHAT ARE THEY DOING).pdf
basic-2,conversation,6,Furniture,pdf,materials/basic-2/conversation/conversation-06.pdf,208082,12fa2817fd5ce3ea0de805230a484914bb585090851aab7573da28416df99a25,basic-2/BASIC 2/CONVERSATION/CONVERSATION #06 (FURNITURE).pdf
basic-2,conversation,7,She Is Going,pdf,materials/basic-2/conversation/conversation-07.pdf,131120,cdc5e6b798a7929ba8341707f93ab9332aa7dfe63147ce75c115e5b42085b09d,basic-2/BASIC 2/CONVERSATION/CONVERSATION #07 (SHE IS GOING...).pdf
basic-2,conversation,9,Weather,pdf,materials/basic-2/conversation/conversation-09.pdf,190751,6e3b39af2229ac989db831a9c3f7e565fafa40a517c7082ab75fb0fe8b614e95,basic-2/BASIC 2/CONVERSATION/CONVERSATION #09 (WEATHER).pdf
basic-2,conversation,10,Animals,pdf,materials/basic-2/conversation/conversation-10.pdf,160545,7156b8fee2f0e406d25e649b3290e56681f01f8e88b022bd6853ba8983685de7,basic-2/BASIC 2/CONVERSATION/CONVERSATION #10 (ANIMALS) .pdf
basic-2,conversation,11,Jobs and Workplaces,pdf,materials/basic-2/conversation/conversation-11.pdf,121386,e6ea5f28210aa351e6bf1e3b05ed19f0e74243c5dbf05cf12714f04d5377da58,basic-2/BASIC 2/CONVERSATION/CONVERSATION #11 (JOBS AND WORKPLACES).pdf
basic-2,conversation,12,Weather and Seasons,pdf,materials/basic-2/conversation/conversation-12.pdf,313419,b6555882dc28e1f61c9e01da1b08a719134a6c297314ac6a44cf71886f551b21,basic-2/BASIC 2/CONVERSATION/CONVERSATION #12 (WEATHER AND SEASONS).pdf
basic-2,conversation,13,Daily Routines,pdf,materials/basic-2/conversation/conversation-13.pdf,224157,b70113635817c6ea3b0826ed2e05e9b2df5d8c08b1cf73e88d1d51ac9e48fbac,basic-2/BASIC 2/CONVERSATION/CONVERSATION #13 (DAILY ROUTINES).pdf
intermediate,conversation,1,Family Meeting,pdf,materials/intermediate/conversation/conversation-01.pdf,111578,dbb9dad9e961c74597f2260b2dbc21132dead372046482394b1a68a499d8af78,intermediate/INTERMEDIATE/CONVERSATION/INTER CONVERSATION #01 FAMILY MEETING.pdf
intermediate,conversation,2,The Roberry,pdf,materials/intermediate/conversation/conversation-02.pdf,83335,313e50d8d14a540790a13ce33c5a15c95a5d7c96ea84fafafdd6e51387aeb686,intermediate/INTERMEDIATE/CONVERSATION/INTER CONVERSATION #02 THE ROBERRY.pdf
intermediate,conversation,3,Family in Court,pdf,materials/intermediate/conversation/conversation-03.pdf,107216,ac5e380cf44fff26645196efdb42f8bbe7a8cc0bf16c9f332723667e3403ad8c,intermediate/INTERMEDIATE/CONVERSATION/INTER CONVERSATION #03 FAMILY IN COURT.pdf
intermediate,conversation,4,Condominium Meeting,pdf,materials/intermediate/conversation/conversation-04.pdf,90391,9f8f58e72e26a6bbb72ab1b1083e9757ba48a877790aa4b572123e3d9131128f,intermediate/INTERMEDIATE/CONVERSATION/INTER CONVERSATION #04 CONDOMINIUM MEETING.pdf
intermediate,conversation,5,Office Gossip,pdf,materials/intermediate/conversation/conversation-05.pdf,109720,21e2e79149809d8eec31bcf22e4109cd2e737faf0d00c8313969862a0683192a,intermediate/INTERMEDIATE/CONVERSATION/INTER CONVERSATION #05 OFFICE GOSSIP.pdf
intermediate,conversation,6,Car or People,pdf,materials/intermediate/conversation/conversation-06.pdf,73917,d8de43f4979022ab5317984298168d13b376771a918c6306619f77f3494106b2,intermediate/INTERMEDIATE/CONVERSATION/INTER CONVERSATION #06 CAR OR PEOPLE.pdf
intermediate,conversation,7,Motorway Tragedy,pdf,materials/intermediate/conversation/conversation-07.pdf,99829,2bdd797d8e18fc85f7f0db59fcf40b3345eb6b285b1f336aac9935288316b80b,intermediate/INTERMEDIATE/CONVERSATION/INTER CONVERSATION #07 MOTORWAY TRAGEDY.pdf
intermediate,conversation,8,Colle Group Project,pdf,materials/intermediate/conversation/conversation-08.pdf,100963,ea94b851c5cf268101fb302d047bf6b917a30a5b5bc0d9b4254cf4216c4d4f00,intermediate/INTERMEDIATE/CONVERSATION/INTER CONVERSATION #08 COLLE GROUP PROJECT .pdf
intermediate,conversation,9,I Love Paris,pdf,materials/intermediate/conversation/conversation-09.pdf,84577,0c61cd8e0afb1395b348f000a6eda7aab9a3180b8d3a5fa890334346cba8f01d,intermediate/INTERMEDIATE/CONVERSATION/INTER CONVERSATION #09 I LOVE PARIS .pdf
intermediate,conversation,10,Teacher Parent Meeting,pdf,materials/intermediate/conversation/conversation-10.pdf,82709,c108dbbe223098e206432eb1fcb9ec5a3a47e1e2cd2096470ecc4e66002d9ebe,intermediate/INTERMEDIATE/CONVERSATION/INTER CONVERSATION #10 TEACHER PARENT MEETING.pdf
intermediate,conversation,11,Stranded on a Desert Island,pdf,materials/intermediate/conversation/conversation-11.pdf,100216,8047ff41c92f28ebbf0f35c7a181c7cfa3d8cbdb33c6bde40eeed95d143f755a,intermediate/INTERMEDIATE/CONVERSATION/INTER CONVERSATION #11 STRANDED ON A DESERT ISLAND .pdf
intermediate,conversation,12,A Presidential Debate,pdf,materials/intermediate/conversation/conversation-12.pdf,88040,b1379c145223da078342fbedb1f98eaf3a11b3772b70f062fb991b5a8aeb1c6d,intermediate/INTERMEDIATE/CONVERSATION/INTER CONVERSATION #12 A PRESIDENTIAL DEBATE.pdf
intermediate,conversation,13,Morning Meeting,pdf,materials/intermediate/conversation/conversation-13.pdf,162563,f31e94997f88286754e5a267ae9ee1f531d037abdf53345801aafc82999a2da3,intermediate/INTERMEDIATE/CONVERSATION/INTER CONVERSATION #13 MORNING MEETING.pdf
intermediate,conversation,14,Smartphone Negotiation,pdf,materials/intermediate/conversation/conversation-14.pdf,145530,f3aa8f501ab29c8ec2635b2c78c8dc01c3f7c4ae76564a9c4af0ca5c48e147b2,intermediate/INTERMEDIATE/CONVERSATION/INTER CONVERSATION #14 SMARTPHONE NEGOTIATION.pdf
intermediate,conversation,15,Performance Review,pdf,materials/intermediate/conversation/conversation-15.pdf,184558,02a98e7eaa1d8672cafb8abe1d2b886baeb035383e2b5e2dadd50426fb7e8301,intermediate/INTERMEDIATE/CONVERSATION/INTER CONVERSATION #15 PERFORMANCE REVIEW .pdf
intermediate,conversation,16,Budget Planning Meeting,pdf,materials/intermediate/conversation/conversation-16.pdf,184801,126e4e363f9efab40a3639310aa82d112dbaa1f3a55c88f2129421de34aac357,intermediate/INTERMEDIATE/CONVERSATION/INTER CONVERSATION #16 BUDGET PLANNING MEETING .pdf
intermediate,conversation,17,Job Interview & Candidate Evaluation,pdf,materials/intermediate/conversation/conversation-17.pdf,182014,ba901953bee98b146bb4dba7df08f2f3d795f0af5b82decee013f1cdf6c685e2,intermediate/INTERMEDIATE/CONVERSATION/INTER CONVERSATION #17 JOB INTERVIEW & CANDIDATE EVALUATION.pdf
intermediate,conversation,18,Crisis Management - Service Failure,pdf,materials/intermediate/conversation/conversation-18.pdf,182432,a838c62067acc7aaf30ce9960895659902f66d1a0426b1bb253806887cceb1ba,intermediate/INTERMEDIATE/CONVERSATION/INTER CONVERSATION #18 CRISIS MANAGEMENT – SERVICE FAILURE.pdf
intermediate,conversation,19,Difficult Conversations - Communicating Under Pressure,pdf,materials/intermediate/conversation/conversation-19.pdf,182748,c55e390e16a8a3a33647eff0db58f7509b6fb36dee5f6767c8cd687d52dd34ef,intermediate/INTERMEDIATE/CONVERSATION/INTER CONVERSATION #19 DIFFICULT CONVERSATIONS – COMMUNICATING UNDER PRESSURE .pdf
intermediate,conversation,20,Weekend Plans in São Paulo,pdf,materials/intermediate/conversation/conversation-20.pdf,192468,3c3bbac4ff2a7d239406ccfcbafedc46d791c0faf7eab44aea5ab7819ea6e98e,intermediate/INTERMEDIATE/CONVERSATION/INTER CONVERSATION #20 WEEKEND PLANS IN SÃO PAULO.pdf
intermediate,conversation,21,Travel Plans & Unexpected Problems,pdf,materials/intermediate/conversation/conversation-21.pdf,172965,046e7ffbddc87d7a439637fdbb19579d5b526008a3804b92fd103fcf1ca44def,intermediate/INTERMEDIATE/CONVERSATION/INTER CONVERSATION #21 TRAVEL PLANS & UNEXPECTED PROBLEMS.pdf
intermediate,conversation,22,Shared Expenses & Financial Decisions,pdf,materials/intermediate/conversation/conversation-22.pdf,181379,a4f425855fc7eb8a68a411d785d215a902e7e90b7ab2522ac954673d51dd6396,intermediate/INTERMEDIATE/CONVERSATION/INTER CONVERSATION #22 SHARED EXPENSES & FINANCIAL DECISIONS.pdf
intermediate,conversation,23,Missed Connection - Stress at the Airport,pdf,materials/intermediate/conversation/conversation-23.pdf,174609,c74ba6dbcdbe7fde6edfb287b89605b094fac3d618e67402e9c03fbced4ce3b8,intermediate/INTERMEDIATE/CONVERSATION/INTER CONVERSATION #23 MISSED CONNECTION – STRESS AT THE AIRPORT.pdf
intermediate,conversation,24,City Life vs Country Life,pdf,materials/intermediate/conversation/conversation-24.pdf,129284,5fcca3c45c39a8b4a032bb6fb241732a7266f13ced99d6de39a06518260836ca,intermediate/INTERMEDIATE/CONVERSATION/INTER CONVERSATION #24 CITY LIFE VS COUNTRY LIFE.pdf
intermediate,conversation,25,Work From Home,pdf,materials/intermediate/conversation/conversation-25.pdf,151555,e0b7ef529c0f19cbfc5c5bc55a8357e6b8ceee016ff2395a20d06f69280fbce1,intermediate/INTERMEDIATE/CONVERSATION/INTER CONVERSATION #25 WORK FROM HOME .pdf
advanced,conversation,1,City and Traffic,pdf,materials/advanced/conversation/conversation-01.pdf,78494,a9f0162e5fb8990188b5e71c70eeda7173807d13e7c9f6ebfde25611956d2ba5,advanced/ADVANCED/CONVERSATION/ADV CONVERSATION #01 CITY AND TRAFFIC .pdf
advanced,conversation,2,Greatest Dreams & Desires,pdf,materials/advanced/conversation/conversation-02.pdf,77447,6965daf4d5f40afa960ed56dfc14e38bbc2efdfb8266cfb099836046e83fb585,advanced/ADVANCED/CONVERSATION/ADV CONVERSATION #02 GREATEST DREAMS & DESIRES .pdf
advanced,conversation,3,Regret,pdf,materials/advanced/conversation/conversation-03.pdf,88105,fe0cdee05f6fe6c9265d6e2c6613997d862a1037c484dfc5dcaf36cf0a87b50c,advanced/ADVANCED/CONVERSATION/ADV CONVERSATION #03 REGRET .pdf
advanced,conversation,4,Travel & Hospitality,pdf,materials/advanced/conversation/conversation-04.pdf,82439,a619ba3db728522584cd6b9144992e63f2e0b9fdaa393204c08829aabdfa1b82,advanced/ADVANCED/CONVERSATION/ADV CONVERSATION #04 TRAVEL & HOSPITALITY.pdf
advanced,conversation,6,Green Energy,pdf,materials/advanced/conversation/conversation-06.pdf,78972,c575e71b6e972fba131b5365ba72c9003fab54ab761b57896521915f7180a24a,advanced/ADVANCED/CONVERSATION/ADV CONVERSATION #06 GREEN ENERGY.pdf
advanced,conversation,7,Relationships in the Ai Era,pdf,materials/advanced/conversation/conversation-07.pdf,87910,a6b249a71cd3972ea98174cb6330f4ca5789fdc3d5463e7f2783fc69916c55f8,advanced/ADVANCED/CONVERSATION/ADV CONVERSATION #07 RELATIONSHIPS IN THE AI ERA .pdf
intermediate,listening,1,Cooking,student_pdf,materials/intermediate/listening/listening-01/student.pdf,151516,d917221adf52d6ac6fe29a0ecf75219e45165b7f42fbc414b1179483f3551092,intermediate/INTERMEDIATE/LISTENING/STUDENT/INTER LISTENING #01 COOKING.pdf
intermediate,listening,1,Cooking,audio,materials/intermediate/listening/listening-01/audio.mp3,2064384,5f859b5f94a1a1c8352956c1b1222a9279eac5359fad1517b48fd636096e27be,intermediate/INTERMEDIATE/ÁUDIO /LISTENING/INTER LISTENING #01 COOKING.mp3
intermediate,listening,2,Looking for a Job,student_pdf,materials/intermediate/listening/listening-02/student.pdf,175979,6a62b9f247fd0453801ebcc8637abb1e529a2fce2ba78a7bf0751d0275c6d3b2,intermediate/INTERMEDIATE/LISTENING/STUDENT/INTER LISTENING #02 LOOKING FOR A JOB.pdf
intermediate,listening,2,Looking for a Job,audio,materials/intermediate/listening/listening-02/audio.mp3,1769472,7e93b9fc8c56d46d216c2841db09074b3192d1e8bcc4ec85d3c4654e7f7f5bda,intermediate/INTERMEDIATE/ÁUDIO /LISTENING/INTER LISTENING #02 LOOKING FOR A JOB.mp3
intermediate,listening,3,Hotel Check in,student_pdf,materials/intermediate/listening/listening-03/student.pdf,139146,b70fc7baf62d02a15c31f210000fa8db2d1c9651797007c8c5a6c8b48c12d8d8,intermediate/INTERMEDIATE/LISTENING/STUDENT/INTER LISTENING #3 HOTEL CHECK IN.pdf
intermediate,listening,3,Hotel Check in,audio,materials/intermediate/listening/listening-03/audio.mp3,2527475,829b81306791564c89c9e8bc5a61888e97963dc1a8ee374f1d39937d77a32dca,intermediate/INTERMEDIATE/ÁUDIO /LISTENING/INTER LISTENING #3 HOTEL CHECK IN.mp3
intermediate,listening,4,Ordering Food,student_pdf,materials/intermediate/listening/listening-04/student.pdf,91301,4eeda8379b32101a57188f882e62e77f0bcc9b8710ae23e315ce7edafa2d95f0,intermediate/INTERMEDIATE/LISTENING/STUDENT/INTER LISTENING #04 ORDERING FOOD.pdf
intermediate,listening,4,Ordering Food,audio,materials/intermediate/listening/listening-04/audio.mp3,3283985,4326fe69dfc4a86266d90062adaad0a48253b25c7201e0dfa3ad10cc7c7570d8,intermediate/INTERMEDIATE/ÁUDIO /LISTENING/INTER LISTENING #4 ORDERING FOOD.mp3
intermediate,listening,5,Returning Items,student_pdf,materials/intermediate/listening/listening-05/student.pdf,99770,84ca67eeb6e4d984a45d6ba761fc548720f3343af8e2f64436a624d3548b9e55,intermediate/INTERMEDIATE/LISTENING/STUDENT/INTER LISTENING #5 RETURNING ITEMS.pdf
intermediate,listening,5,Returning Items,audio,materials/intermediate/listening/listening-05/audio.mp3,3161629,740e83bd190e80ba138b4474607199f352b330648d3829fdc6fb12429b926854,intermediate/INTERMEDIATE/ÁUDIO /LISTENING/INTER LISTENING #5 RETURNING ITEMS.mp3
intermediate,listening,6,Clothing Styles,student_pdf,materials/intermediate/listening/listening-06/student.pdf,90721,36bc23d5941182c762bcd58a609ea0ed3807bb8c4aff5d808b3782c9465067bb,intermediate/INTERMEDIATE/LISTENING/STUDENT/INTER LISTENING #06 CLOTHING STYLES.pdf
intermediate,listening,6,Clothing Styles,audio,materials/intermediate/listening/listening-06/audio.mp3,1508732,b53be7e4822b900479859fada098090015f3bcecfb6e83be865b5a1b1a7bf0b4,intermediate/INTERMEDIATE/ÁUDIO /LISTENING/INTER LISTENING #06 CLOTHING STYLES.mp3
intermediate,listening,7,Medical Appointment,student_pdf,materials/intermediate/listening/listening-07/student.pdf,90075,5c613a4a1dd6f848e476f5a3d5ee3efa03f27ed2d281a6d8a07dae26fbd94a75,intermediate/INTERMEDIATE/LISTENING/STUDENT/INTER LISTENING #7 MEDICAL APPOINTMENT.pdf
intermediate,listening,7,Medical Appointment,audio,materials/intermediate/listening/listening-07/audio.mp3,1558152,fee434515350cdb9d7819a4e83b056f09f673dbeb49f62a9002cfe0df8dcb422,intermediate/INTERMEDIATE/ÁUDIO /LISTENING/INTER LISTENING #7 MEDICAL APPOINTMENT.mp3
intermediate,listening,8,Date Activities,student_pdf,materials/intermediate/listening/listening-08/student.pdf,91199,e9e622057adb0a16851ec45d3051d885b67cf0f851435a2c616f47b3fa858c1b,intermediate/INTERMEDIATE/LISTENING/STUDENT/INTER LISTENING #08 DATE ACTIVITIES.pdf
intermediate,listening,8,Date Activities,audio,materials/intermediate/listening/listening-08/audio.mp3,1591727,7991f8ec8e5d42b3370b3e48494ff834a054a2e92e254735ec420f67ca820df6,intermediate/INTERMEDIATE/ÁUDIO /LISTENING/INTER LISTENING #08 DATE ACTIVITIES.mp3
intermediate,listening,8,Date Activities,teacher_guide,materials/intermediate/listening/listening-08/teacher-guide.pdf,93010,6731fe791877f437d610a49f096009def986f4990c72f2669d55df05fd530bad,intermediate/INTERMEDIATE/LISTENING/TEACHER/INTER LISTENING #08 DATE ACTIVITIES TG.pdf
intermediate,listening,9,Small Talk,student_pdf,materials/intermediate/listening/listening-09/student.pdf,86299,98d976fb0a1270f00fb5243de786ac01e32549c870663f66004478b6955f644f,intermediate/INTERMEDIATE/LISTENING/STUDENT/INTER LISTENING #9 SMALL TALK.pdf
intermediate,listening,9,Small Talk,audio,materials/intermediate/listening/listening-09/audio.mp3,2971113,eab52fec1ad3ad98317dc4f015e919517f5bd629551cb94d6b052917680cbed1,intermediate/INTERMEDIATE/ÁUDIO /LISTENING/INTER LISTENING #9 SMALL TALK.mp3
intermediate,listening,10,Alexa Weather,student_pdf,materials/intermediate/listening/listening-10/student.pdf,122285,f1d3cea405a0efd45ad19a698f09c59a98222eec6e9ca127e96774ecc7e81be6,intermediate/INTERMEDIATE/LISTENING/STUDENT/INTER LISTENING #10 ALEXA WEATHER .pdf
intermediate,listening,10,Alexa Weather,audio,materials/intermediate/listening/listening-10/audio.mp3,716532,067c13d3214f8233967c1bf600ae34fe25cc854e3e96609ce3f37c2806933bb9,intermediate/INTERMEDIATE/ÁUDIO /LISTENING/INTER LISTENING #10 ALEXA WEATHER.mp3
intermediate,listening,11,Short Job Interview,student_pdf,materials/intermediate/listening/listening-11/student.pdf,86678,47bf302a48073f765d3732ca9f6b4076860900210801af70a95d3ede63da0aa2,intermediate/INTERMEDIATE/LISTENING/STUDENT/INTER LISTENING #11 SHORT JOB INTERVIEW .pdf
intermediate,listening,11,Short Job Interview,audio,materials/intermediate/listening/listening-11/audio.mp3,5528488,23a47cb825df9fc2cbae96bcb9ddf901100f3b2592ab78fe91109ffbc5853142,intermediate/INTERMEDIATE/ÁUDIO /LISTENING/INTER LISTENING #11 SHORT JOB INTERVIEW.mp3
intermediate,listening,11,Short Job Interview,teacher_guide,materials/intermediate/listening/listening-11/teacher-guide.pdf,99877,f00559d93369156af27cb74cbf074120920265412123dc91fb76109d3c4ee53d,intermediate/INTERMEDIATE/LISTENING/TEACHER/INTER LISTENING #11 JOB INTERVIEW TG.pdf
intermediate,listening,12,Joining the Gym,student_pdf,materials/intermediate/listening/listening-12/student.pdf,163020,34d9255dcabea9ba2423a9c28b470604c102b40748d29d6b6ae58a3ce8177a5f,intermediate/INTERMEDIATE/LISTENING/STUDENT/INTER LISTENING #12 JOINING THE GYM .pdf
intermediate,listening,12,Joining the Gym,audio,materials/intermediate/listening/listening-12/audio.mp3,1802586,f5d3be041d3275d29ffb6140f0fad4361503682b1701d3730ca16c118060cd12,intermediate/INTERMEDIATE/ÁUDIO /LISTENING/INTER LISTENING #12 JOINING THE GYM.mp3
intermediate,listening,12,Joining the Gym,teacher_guide,materials/intermediate/listening/listening-12/teacher-guide.pdf,121442,090150f66bdbc2859c971fcb6c179612fa31e5186b7c54d78babad695fdce187,intermediate/INTERMEDIATE/LISTENING/TEACHER/INTER LISTENING #12 JOIN THE GYM TG.pdf
intermediate,listening,13,Buying a Train Ticket,student_pdf,materials/intermediate/listening/listening-13/student.pdf,164494,c747ebaf39bab562c84c74e5fcf6dc902994b8bf456886ce54c864e1180404e0,intermediate/INTERMEDIATE/LISTENING/STUDENT/INTER LISTENING #13 BUYING A TRAIN TICKET.pdf
intermediate,listening,13,Buying a Train Ticket,audio,materials/intermediate/listening/listening-13/audio.mp3,2050224,18a2ebec37b4d09e1c5f8ca1b316cf26d341ef622364457e92d911b10e1a0f2a,intermediate/INTERMEDIATE/ÁUDIO /LISTENING/INTER LISTENING #13 BUYING A TRAIN TICKET.mp3
intermediate,listening,14,Taxi Ride,student_pdf,materials/intermediate/listening/listening-14/student.pdf,85103,781a16e2d97ed0adcfe8c56b24729cc8ee85c4c38b39c7892b70a73da4dc493f,intermediate/INTERMEDIATE/LISTENING/STUDENT/INTER LISTENING #14 TAXI RIDE.pdf
intermediate,listening,14,Taxi Ride,audio,materials/intermediate/listening/listening-14/audio.mp3,2623337,edcf0eaf229716eea5a4d55bddb59aca5321613ea2ac9921243eebec58f9f390,intermediate/INTERMEDIATE/ÁUDIO /LISTENING/INTER LISTENING #14 TAXI RIDE.mp3
intermediate,listening,14,Taxi Ride,teacher_guide,materials/intermediate/listening/listening-14/teacher-guide.pdf,109642,2488ca93d1ac12b71c5693fa427a9f816a2c6e84249fae3ca4b5206043e0f533,intermediate/INTERMEDIATE/LISTENING/TEACHER/INTER LISTENING #14 TAXI RIDE TG.pdf
intermediate,listening,15,Student Excuses,student_pdf,materials/intermediate/listening/listening-15/student.pdf,89704,d79c61a7f0a812dc9ecbefd2f8c41190d5b51f72033fb2de9f4de9842aec25ec,intermediate/INTERMEDIATE/LISTENING/STUDENT/INTER LISTENING #15 STUDENT EXCUSES.pdf
intermediate,listening,15,Student Excuses,audio,materials/intermediate/listening/listening-15/audio.mp3,2086294,ccbcbbf4f4e543ff6ba5c02026dcb6c8b36986f42c30a36ee243e85d55586fc2,intermediate/INTERMEDIATE/ÁUDIO /LISTENING/INTER LISTENING #15 STUDENT EXCUSES.mp3
intermediate,listening,15,Student Excuses,teacher_guide,materials/intermediate/listening/listening-15/teacher-guide.pdf,114852,19fec15c08bb890ab9330fdc492c0f9a5a129f84b9f85a50a5741b7ad7a8948a,intermediate/INTERMEDIATE/LISTENING/TEACHER/INTER LISTENING #15 STUDENT EXCUSES.pdf
intermediate,listening,16,Daily Schedule,student_pdf,materials/intermediate/listening/listening-16/student.pdf,88135,186690ad1e12abcfcf94daca98d5ff9e5a039b8924f6b8922ee6c050460be562,intermediate/INTERMEDIATE/LISTENING/STUDENT/INTER LISTENING #16 DAILY SCHEDULE.pdf
intermediate,listening,16,Daily Schedule,audio,materials/intermediate/listening/listening-16/audio.mp3,1597994,58d5b930683e8f31274337eb760a04b673482f6140924c94df5eb5caddc9ab23,intermediate/INTERMEDIATE/ÁUDIO /LISTENING/INTER LISTENING #16 DAILY SCHEDULE.mp3
intermediate,listening,16,Daily Schedule,teacher_guide,materials/intermediate/listening/listening-16/teacher-guide.pdf,142378,0b0a87ddddb01b5da15ea58acc260aa13da293785614b057bfc9d70c42e90fe7,intermediate/INTERMEDIATE/LISTENING/TEACHER/INTER LISTENING #16 DAILY SCHEDULE TG .pdf
intermediate,listening,17,Barbecue Party,student_pdf,materials/intermediate/listening/listening-17/student.pdf,89332,e495e3fb9b2ac2fe152b1685974c7758f19b1deab5b7561948de39413b496fc4,intermediate/INTERMEDIATE/LISTENING/STUDENT/INTER LISTENING #17 BARBECUE PARTY.pdf
intermediate,listening,17,Barbecue Party,audio,materials/intermediate/listening/listening-17/audio.mp3,1853645,6b452da72a8c2402f1fe13507b6326726b74d363fc68a9e1283d29ceeb74f7a7,intermediate/INTERMEDIATE/ÁUDIO /LISTENING/INTER LISTENING #17 BARBECUE PARTY.mp3
intermediate,listening,17,Barbecue Party,teacher_guide,materials/intermediate/listening/listening-17/teacher-guide.pdf,104610,067e4fa64016c639499e9bc187920e69fd5786e3be531d47421d854b5f20358f,intermediate/INTERMEDIATE/LISTENING/TEACHER/INTER LISTENING #17 BARBECUE PARTY.pdf
intermediate,listening,18,Free Morning,student_pdf,materials/intermediate/listening/listening-18/student.pdf,90502,00c38a7ff9cf9046b92862e936674ce5cbe640c9c6cc4954fde129f36f528219,intermediate/INTERMEDIATE/LISTENING/STUDENT/INTER LISTENING #18 FREE MORNING.pdf
intermediate,listening,18,Free Morning,audio,materials/intermediate/listening/listening-18/audio.mp3,1316144,78029ebb8865f60aa983c13554bce17c974cedc48fde2d9fc93f6db9f96e14d1,intermediate/INTERMEDIATE/ÁUDIO /LISTENING/INTER LISTENING #18 FREE MORNING.mp3
intermediate,listening,18,Free Morning,teacher_guide,materials/intermediate/listening/listening-18/teacher-guide.pdf,89827,939c2bd83c4c3cb8b8e41fd798531622f8ab5962c978a4fbd52daaa71550f943,intermediate/INTERMEDIATE/LISTENING/TEACHER/INTER LISTENING #18 FREE MORNING.pdf
intermediate,listening,19,Coffee with Monica,student_pdf,materials/intermediate/listening/listening-19/student.pdf,91085,66a8ad1ec98406ada8bdba2b7185c0735a03dfa8b9c307999186b740cbb5adc2,intermediate/INTERMEDIATE/LISTENING/STUDENT/INTER LISTENING #19 COFFEE WITH MONICA.pdf
intermediate,listening,19,Coffee with Monica,audio,materials/intermediate/listening/listening-19/audio.mp3,1721002,a9c106292e0e2e188d7ea3c4c0740d95ae8afae964cc53c1e253ddafec4a7450,intermediate/INTERMEDIATE/ÁUDIO /LISTENING/INTER LISTENING #19 COFFEE WITH MONICA.mp3
intermediate,listening,19,Coffee with Monica,teacher_guide,materials/intermediate/listening/listening-19/teacher-guide.pdf,90675,20a1fe56e866760be00df926997d2da670920b3483fc18ccbf0b35c5ccef58fc,intermediate/INTERMEDIATE/LISTENING/TEACHER/INTER LISTENING #19 COFFEE WITH MONICA.pdf
intermediate,listening,20,Running in the Central Park,student_pdf,materials/intermediate/listening/listening-20/student.pdf,90265,ed46e2e6bb0263d5ce64d05ff7b6745bfb2375cb04be5797c4add54b48009750,intermediate/INTERMEDIATE/LISTENING/STUDENT/INTER LISTENING #20 RUNNING IN THE CENTRAL PARK.pdf
intermediate,listening,20,Running in the Central Park,audio,materials/intermediate/listening/listening-20/audio.mp3,1520474,e8142f06c229ed1da6095d8d979a13b5fe2fda08aaa08b8a13a0b316a1f59ef0,intermediate/INTERMEDIATE/ÁUDIO /LISTENING/INTER LISTENING #20 RUNNING IN THE CENTRAL PARK.mp3
intermediate,listening,20,Running in the Central Park,teacher_guide,materials/intermediate/listening/listening-20/teacher-guide.pdf,91114,c6927a7d9bd79d00f00034a715131f720d238b9abfca174d9c7a8365f0a6f4da,intermediate/INTERMEDIATE/LISTENING/TEACHER/INTER LISTENING #20 RUNNING IN THE CENTRAL PARK.pdf
intermediate,listening,21,A Business Presentation,student_pdf,materials/intermediate/listening/listening-21/student.pdf,89651,0740efd7132f479e8655fed172099385c20d5b3b522732491697357a29061c8c,intermediate/INTERMEDIATE/LISTENING/STUDENT/INTER LISTENING #21 A BUSINESS PRESENTATION.pdf
intermediate,listening,21,A Business Presentation,audio,materials/intermediate/listening/listening-21/audio.mp3,2564288,1a354ca8134e88145397c756b9522dda94d3e41f9795b73598468c4edafff870,intermediate/INTERMEDIATE/ÁUDIO /LISTENING/INTER LISTENING #21 A BUSINESS PRESENTATION.mp3
intermediate,listening,22,Introductions,student_pdf,materials/intermediate/listening/listening-22/student.pdf,90477,c1500af4280973bb61cbf5018cd414c1203a14e9b2898f00015883b35a6b87b9,intermediate/INTERMEDIATE/LISTENING/STUDENT/INTER LISTENING #22 INTRODUCTIONS.pdf
intermediate,listening,22,Introductions,audio,materials/intermediate/listening/listening-22/audio.mp3,2358674,42b42eab13be3e51e3852bffaa3a04d08c276a6fa47a22c1e6b9feb8dd4bda62,intermediate/INTERMEDIATE/ÁUDIO /LISTENING/INTER LISTENING #22 INTRODUCTIONS.mp3
intermediate,listening,22,Introductions,teacher_guide,materials/intermediate/listening/listening-22/teacher-guide.pdf,86634,9f2ef9ef55d80a303cd78626220f4e3185bf6f01c0fa21ee4a4621fcddb757f5,intermediate/INTERMEDIATE/LISTENING/TEACHER/INTER LISTENING #22 INTRODUCTIONS.pdf
intermediate,listening,23,A Solution,student_pdf,materials/intermediate/listening/listening-23/student.pdf,93248,9d30e4f47a8cfec3cd55c62f51d3ab478f0253ac2affa22519b35b39c36ccad7,intermediate/INTERMEDIATE/LISTENING/STUDENT/INTER LISTENING #23 A SOLUTION.pdf
intermediate,listening,23,A Solution,audio,materials/intermediate/listening/listening-23/audio.mp3,1796182,13a6cf663e743fa3dc1ccb1bfbede90bec32d6d29e60aec295da56703e8cd917,intermediate/INTERMEDIATE/ÁUDIO /LISTENING/INTER LISTENING #23 A SOLUTION.mp3
intermediate,listening,23,A Solution,teacher_guide,materials/intermediate/listening/listening-23/teacher-guide.pdf,88339,7b16c7d49c1b13d794e6dce568aa01c3e82e464cbbf73b4cc369280422327189,intermediate/INTERMEDIATE/LISTENING/TEACHER/INTER LISTENING #23 A SOLUTION.pdf
intermediate,listening,24,Welcome Dinner,student_pdf,materials/intermediate/listening/listening-24/student.pdf,90934,af0db67a1c21c6836c49560ac6890e044e3ad442f37638fbb1b4e7c8f57ee088,intermediate/INTERMEDIATE/LISTENING/STUDENT/INTER LISTENING #24 WELCOME DINNER.pdf
intermediate,listening,24,Welcome Dinner,audio,materials/intermediate/listening/listening-24/audio.mp3,2804188,4169aa58de66b943d2852738cdf41821f617d134fbbf601ea3c7efed88ea7f2f,intermediate/INTERMEDIATE/ÁUDIO /LISTENING/INTER LISTENING #24 WELCOME DINNER.mp3
intermediate,listening,24,Welcome Dinner,teacher_guide,materials/intermediate/listening/listening-24/teacher-guide.pdf,91456,cbf9531f031f2dc63c6a7e94edc6396f57e2ca4514f1ff8162eefcfdb1b8f736,intermediate/INTERMEDIATE/LISTENING/TEACHER/INTER LISTENING #24 WELCOME DINNER TG.pdf
intermediate,listening,25,A Smooth Meeting,student_pdf,materials/intermediate/listening/listening-25/student.pdf,110828,6403b91321d5c2bcdf552f6454669487e1701c2a5c9ab488602ea9a681cbe710,intermediate/INTERMEDIATE/LISTENING/STUDENT/INTER LISTENING #25 A SMOOTH MEETING.pdf
intermediate,listening,25,A Smooth Meeting,audio,materials/intermediate/listening/listening-25/audio.mp3,2211693,9ab9dbbcfb2a330ba82fa12c3007ed7d1d4b695dddc9277f6c06e82c9df18d2d,intermediate/INTERMEDIATE/ÁUDIO /LISTENING/INTER LISTENING #25 A SMOOTH MEETING.mp3
intermediate,listening,25,A Smooth Meeting,teacher_guide,materials/intermediate/listening/listening-25/teacher-guide.pdf,89068,a96d6cc9112466f7971373c690a6845e56773da9d360fbc128fb0a71e7ed7d7b,intermediate/INTERMEDIATE/LISTENING/TEACHER/INTER LISTENING #25 A SMOOTH MEETING TG.pdf
intermediate,listening,26,A Rough Meeting,student_pdf,materials/intermediate/listening/listening-26/student.pdf,117156,fd0d30865f2e57f066b793ede6d27c68de7846b7128f8bea564c5018ecc9dcee,intermediate/INTERMEDIATE/LISTENING/STUDENT/INTER LISTENING #26 A ROUGH MEETING.pdf
intermediate,listening,26,A Rough Meeting,audio,materials/intermediate/listening/listening-26/audio.mp3,1813240,d05783a2588a4a05533150ceb5c7f5f734bc889a81056f78ed2098a08af0ecad,intermediate/INTERMEDIATE/ÁUDIO /LISTENING/INTER LISTENING #26 A ROUGH MEETING.mp3
intermediate,listening,26,A Rough Meeting,teacher_guide,materials/intermediate/listening/listening-26/teacher-guide.pdf,88245,b0a34d39e53b8b7ca9ffcaea0e2d6a545ac3edc882638e314b82a183a12c8e60,intermediate/INTERMEDIATE/LISTENING/TEACHER/INTER LISTENING #26 A ROUGH MEETING TG.pdf
intermediate,listening,27,Assigning Roles,student_pdf,materials/intermediate/listening/listening-27/student.pdf,89905,553100fc49b93eb74dfa3d47536a396d507537c03edd87fca3e2927ea497fccb,intermediate/INTERMEDIATE/LISTENING/STUDENT/INTER LISTENING #27 ASSIGNING ROLES.pdf
intermediate,listening,27,Assigning Roles,audio,materials/intermediate/listening/listening-27/audio.mp3,2714472,533abb3b19551a05a5be42c28b9c60fc9ab04367d7e73f6ad1fab4d7d518052a,intermediate/INTERMEDIATE/ÁUDIO /LISTENING/INTER LISTENING #27 ASSIGNING ROLES.mp3
intermediate,listening,27,Assigning Roles,teacher_guide,materials/intermediate/listening/listening-27/teacher-guide.pdf,88526,7caa70eef0bd95f0cb175862d9984c51f2ee771ba1df5e5d7c17b13abbb4ec4d,intermediate/INTERMEDIATE/LISTENING/TEACHER/INTER LISTENING #27 ASSIGNING ROLES TG .pdf
intermediate,listening,28,Strengths and Weaknesses,student_pdf,materials/intermediate/listening/listening-28/student.pdf,92364,8c246c56d4651a06d3fb8ac7fd6b9fa8ffa6cd02b3ffafcb6a0faf8f65aac990,intermediate/INTERMEDIATE/LISTENING/STUDENT/INTER LISTENING #28 STRENGTHS AND WEAKNESSES.pdf
intermediate,listening,28,Strengths and Weaknesses,audio,materials/intermediate/listening/listening-28/audio.mp3,2654368,7ee8418f9c2f1863de22de3ebd0693dde96a95a4bb430235a5eaf06d351f435e,intermediate/INTERMEDIATE/ÁUDIO /LISTENING/INTER LISTENING #28 STRENGTHS AND WEAKNESSES.mp3
intermediate,listening,28,Strengths and Weaknesses,teacher_guide,materials/intermediate/listening/listening-28/teacher-guide.pdf,89252,d2c0ad1f8e7289c53a72e6976444f80debd85a1f46c7e174b71198529cadd40e,intermediate/INTERMEDIATE/LISTENING/TEACHER/INTER LISTENING #28 STRENGTHS AND WEAKNESSES TG.pdf
intermediate,listening,29,Negotiating Shipment Dates,student_pdf,materials/intermediate/listening/listening-29/student.pdf,100275,746858ab556f056bca442cd1ae1c493b8ca91495b4d81f353c5140294d0b0ac3,intermediate/INTERMEDIATE/LISTENING/STUDENT/INTER LISTENING #29 NEGOTIATING SHIPMENT DATES.pdf
intermediate,listening,29,Negotiating Shipment Dates,audio,materials/intermediate/listening/listening-29/audio.mp3,1784504,62b90ba077bc53d5d1398ab14d7db952968cfde448139c02eb24d9678c44cef2,intermediate/INTERMEDIATE/ÁUDIO /LISTENING/INTER LISTENING #29 NEGOTIATING SHIPMENT DATES.mp3
intermediate,listening,29,Negotiating Shipment Dates,teacher_guide,materials/intermediate/listening/listening-29/teacher-guide.pdf,87329,198a54d889df6f563a1b23ddc39ecf850e11753c0c062cb1154870b331f91dea,intermediate/INTERMEDIATE/LISTENING/TEACHER/INTER LISTENING #29 NEGOTIATING SHIPMENT DATES TG.pdf
intermediate,listening,30,First Impressions,student_pdf,materials/intermediate/listening/listening-30/student.pdf,91288,ba251f237c0b760a618401305ed64961c279998959b5ea3ddbbcea50c56bc57a,intermediate/INTERMEDIATE/LISTENING/STUDENT/INTER LISTENING #30 FIRST IMPRESSIONS.pdf
intermediate,listening,30,First Impressions,audio,materials/intermediate/listening/listening-30/audio.mp3,1304549,5cb572a112fb11a8107b8fdef9af60d176a430d5c03d2109e10770da9eeebb09,intermediate/INTERMEDIATE/ÁUDIO /LISTENING/INTER LISTENING #30 FIRST IMPRESSIONS.mp3
intermediate,listening,30,First Impressions,teacher_guide,materials/intermediate/listening/listening-30/teacher-guide.pdf,90134,33604d511171af0d80c88529bc6126e49d85160f95be406f940e8b5d9dd3fffe,intermediate/INTERMEDIATE/LISTENING/TEACHER/INTER LISTENING #30 FIRST IMPRESSIONS TG .pdf
advanced,listening,1,Check in Process,student_pdf,materials/advanced/listening/listening-01/student.pdf,91712,c56738a6b7b566b5694c56fab20eeb7dee395c959d18218ff37f696d0218454b,advanced/ADVANCED/LISTENING/STUDENT/ADV LISTENING #01 CHECK IN PROCESS .pdf
advanced,listening,1,Check in Process,audio,materials/advanced/listening/listening-01/audio.mp3,2792469,428dc6ff6778e17591342df2a1b832ca60ef2fc34a675bb7406a55600f56ce81,advanced/ADVANCED/#U00c1UDIO/LISTENING/ADV LIST #01 CHECK IN PROCESS.mp3
advanced,listening,2,Talking to Barista,student_pdf,materials/advanced/listening/listening-02/student.pdf,133960,07072f3299f12ed4bfae17ef349ec08d452d30f179b1187f1a4285482b007ab8,advanced/ADVANCED/LISTENING/STUDENT/ADV LISTENING #02 TALKING TO BARISTA.pdf
advanced,listening,2,Talking to Barista,audio,materials/advanced/listening/listening-02/audio.mp3,2514502,fa5af8646ec4d89696d70f2a8e5dad592580d432166b2b34322c09fb77effaf6,advanced/ADVANCED/#U00c1UDIO/LISTENING/ADV LIST #02 TALKING TO BARISTA.mp3
advanced,listening,3,Flight Announcements,student_pdf,materials/advanced/listening/listening-03/student.pdf,99884,a72149605a2e038af91e582955b9262f9db6564e095fa5923b714cdc46a35ada,advanced/ADVANCED/LISTENING/STUDENT/ADV LISTENING #03 FLIGHT ANNOUNCEMENTS.pdf
advanced,listening,3,Flight Announcements,audio,materials/advanced/listening/listening-03/audio.mp3,2403953,1b10f2c3cf6c0915305d4410388dad5667912e2248836bd453694f947862877e,advanced/ADVANCED/#U00c1UDIO/LISTENING/ADV LIST #03 FLIGHT ANNOUNCEMENTS.mp3
advanced,listening,4,Listening for Directions,student_pdf,materials/advanced/listening/listening-04/student.pdf,121812,a9d52d252a9fc7551f237d8426cdd91eb73c026e93dc3d22dd08276c1061b8ac,advanced/ADVANCED/LISTENING/STUDENT/ADV LISTENING #04 LISTENING FOR DIRECTIONS.pdf
advanced,listening,4,Listening for Directions,audio,materials/advanced/listening/listening-04/audio.mp3,5164887,2fac9bfee6fb63e371f0f23bc0a245ddf4d9c01cfc571d0a0e2b927574415472,advanced/ADVANCED/#U00c1UDIO/LISTENING/ADV LIST #04 LISTENING FOR DIRECTIONS.mp3
advanced,listening,5,Going to the Dentist,student_pdf,materials/advanced/listening/listening-05/student.pdf,107432,88717ef7152f93fab0aa1cca83a7008861ce5f7db0519cf455b5c268159ec659,advanced/ADVANCED/LISTENING/STUDENT/ADV LISTENING #05 GOING TO THE DENTIST.pdf
advanced,listening,5,Going to the Dentist,audio,materials/advanced/listening/listening-05/audio.mp3,3215983,0cbe04b3a93bd164d74a217c71d7c2c0dd0468d230ecdb5dd8b8072df9d46968,advanced/ADVANCED/#U00c1UDIO/LISTENING/ADV LIST #05 GOING TO THE DENTIST (1).mp3
advanced,listening,6,Campaign Election,student_pdf,materials/advanced/listening/listening-06/student.pdf,96872,1e81cbcb3cdfb8c68e3c1dd988d2579f21f47fb7c2b2b119a9b1533ba3cac767,advanced/ADVANCED/LISTENING/STUDENT/ADV LISTENING #06 CAMPAIGN ELECTION.pdf
advanced,listening,6,Campaign Election,audio,materials/advanced/listening/listening-06/audio.mp3,3117198,c1cc7840cf16db9fdf1052746cd76504e5d786f22cc8d5f34a17257996d9ed9a,advanced/ADVANCED/#U00c1UDIO/LISTENING/ADV LIST #06 PHARMACY (1).mp3
advanced,listening,7,Renting a Car,student_pdf,materials/advanced/listening/listening-07/student.pdf,117514,f37095a42829f45ac25356420eb771e3ae0fe9bfad3315a493b9693c24d3947a,advanced/ADVANCED/LISTENING/STUDENT/ADV LISTENING #07 RENTING A CAR.pdf
advanced,listening,7,Renting a Car,audio,materials/advanced/listening/listening-07/audio.mp3,2902656,ffd093bd5ea9c57796200d16e547599d527b12228c82b655e42e814a5fb98987,advanced/ADVANCED/#U00c1UDIO/LISTENING/ADV LIST #07 RENTING A CAR (1).mp3
advanced,listening,8,Breaking News,student_pdf,materials/advanced/listening/listening-08/student.pdf,144212,222bad6167b88b1c47f2e73a6812b72e95e6f2b23e2e6b41988383b01321a435,advanced/ADVANCED/LISTENING/STUDENT/ADV LISTENING #08 BREAKING NEWS.pdf
advanced,listening,8,Breaking News,audio,materials/advanced/listening/listening-08/audio.mp3,5305234,83580338ef493982f4f050902ecaa7c0251594020edf8a4a080c1313f78d1267,advanced/ADVANCED/#U00c1UDIO/LISTENING/ADV LIST #08 BREAKING NEWS (1).mp3
advanced,listening,9,Opening a Bank Account,student_pdf,materials/advanced/listening/listening-09/student.pdf,124595,26be03c17b2bf940a4e493d7ece60746439c4abb1bc7dcb71c7127398551d5dc,advanced/ADVANCED/LISTENING/STUDENT/ADV LISTENING #09 OPENING A BANK ACCOUNT.pdf
advanced,listening,9,Opening a Bank Account,audio,materials/advanced/listening/listening-09/audio.mp3,5318168,d878cf168a99139494fb01a4e2e0b95becd3b186682ed8155a66db3a2fef3602,advanced/ADVANCED/#U00c1UDIO/LISTENING/ADV LIST #09 OPENING BANK ACT (1).mp3
advanced,listening,10,Radio Show,student_pdf,materials/advanced/listening/listening-10/student.pdf,141400,f9a4529166c06fd136005eaae41a17816de02a621cf77b1308eb9146d862b2bb,advanced/ADVANCED/LISTENING/STUDENT/ADV LISTENING #10 RADIO SHOW.pdf
advanced,listening,10,Radio Show,audio,materials/advanced/listening/listening-10/audio.mp3,11042021,a25b4ca8876cc0630ece25848293d43ebf4fdc9eff82105103a3bbd49a521549,advanced/ADVANCED/#U00c1UDIO/LISTENING/ADV LIST #10 THE RADIO SHOW.mp3
advanced,listening,11,The Weather Forecast,student_pdf,materials/advanced/listening/listening-11/student.pdf,106038,fe313d13467b9b313e6465264e3228210aa06742ee224a496185827d20457756,advanced/ADVANCED/LISTENING/STUDENT/ADV LISTENING #11 THE WEATHER FORECAST.pdf
advanced,listening,11,The Weather Forecast,audio,materials/advanced/listening/listening-11/audio.mp3,5804640,32b3cb0e31b117f007cdfba6679b40e827c814754520ca5f0e9510ab9f3ff69a,advanced/ADVANCED/#U00c1UDIO/LISTENING/ADV LIST #11 THE WEATHER FORECAST.mp3
advanced,listening,12,Smart Goals,student_pdf,materials/advanced/listening/listening-12/student.pdf,121410,fda73365f8610739d3454c030013c4dedfa4ca617308ea519dcd18a11250d005,advanced/ADVANCED/LISTENING/STUDENT/ADV LISTENING #12 SMART GOALS.pdf
advanced,listening,12,Smart Goals,audio,materials/advanced/listening/listening-12/audio.mp3,4434600,bff88fd2919acbb25c31c5ee5b6f93f8ef0351cb623d11009c5e1dde34cbd637,advanced/ADVANCED/#U00c1UDIO/LISTENING/ADV LIST #12 SMART GOALS.mp3
advanced,listening,13,Getting a Hair Cut,student_pdf,materials/advanced/listening/listening-13/student.pdf,117342,d07d78c609c49293677c475708f4b504f146d86eb3458e99c54e4722dce1f5cd,advanced/ADVANCED/LISTENING/STUDENT/ADV LISTENING #13 GETTING A HAIR CUT.pdf
advanced,listening,13,Getting a Hair Cut,audio,materials/advanced/listening/listening-13/audio.mp3,1514194,401d50945e64a0819c03e4e7a067ccbc275139771fe629d45cccc5a8fd707950,advanced/ADVANCED/#U00c1UDIO/LISTENING/ADV LIST #13 GETTING A HAIR CUT.mp3
advanced,listening,14,Catching Up with a Friend,student_pdf,materials/advanced/listening/listening-14/student.pdf,128458,7e365567a31e9768fcff2c3271343803ad4ded970dba689cf13c0d65d4255fbc,advanced/ADVANCED/LISTENING/STUDENT/ADV LISTENING #14 CATCHING UP WITH A FRIEND.pdf
advanced,listening,14,Catching Up with a Friend,audio,materials/advanced/listening/listening-14/audio.mp3,2539735,fab40e819e60b195986d5742bd0fa0fd1b852ea9f521b105872b4456855f039d,advanced/ADVANCED/#U00c1UDIO/LISTENING/ADV LIST #14 CATCHING UP WITH A FRIEND.mp3
advanced,listening,15,Grabbing a Refresher,student_pdf,materials/advanced/listening/listening-15/student.pdf,151722,15763091306998cfdca94b33a9a71365f0ec9f5bf4ce318b17473ecee2f78001,advanced/ADVANCED/LISTENING/STUDENT/ADV LISTENING #15 GRABBING A REFRESHER.pdf
advanced,listening,15,Grabbing a Refresher,audio,materials/advanced/listening/listening-15/audio.mp3,1881998,382262b1a22897e25ec94f447029ad2586e4f55cf22dbec5cabca5a512bda20a,advanced/ADVANCED/#U00c1UDIO/LISTENING/ADV LIST #15 GRABBING A REFRESHER.mp3
advanced,listening,16,Hotel Check in,student_pdf,materials/advanced/listening/listening-16/student.pdf,95496,80c9a9d05c1742982443b0b5a534444d05d9f3d096b4da23ebdd5cd4d078a9aa,advanced/ADVANCED/LISTENING/STUDENT/ADV LISTENING #16 HOTEL CHECK IN.pdf
advanced,listening,16,Hotel Check in,audio,materials/advanced/listening/listening-16/audio.mp3,3262508,dfeaed6a789407f69027286bea27e8af608329f6d384786d7f8af7835dd27e01,advanced/ADVANCED/#U00c1UDIO/LISTENING/ADV LISTENING #16 HOTEL CHECK IN.mp3
advanced,listening,16,Hotel Check in,teacher_guide,materials/advanced/listening/listening-16/teacher-guide.pdf,141014,f16fceb749a942410e42238f41630dd3a1218654cc497a073bf54e6e5e744df9,advanced/ADVANCED/LISTENING/TEACHER/ADV LISTENING #16 HOTEL CHECK IN TG.pdf
advanced,listening,17,Pizza Delivery,student_pdf,materials/advanced/listening/listening-17/student.pdf,89819,58981f52b74f398eceb7697f7f5c1e3afcaff375d71d81e05017349a350e30ed,advanced/ADVANCED/LISTENING/STUDENT/ADV LISTENING #17 PIZZA DELIVERY.pdf
advanced,listening,17,Pizza Delivery,audio,materials/advanced/listening/listening-17/audio.mp3,3164232,67af8aae4ae4a6c75b97ca002f78def2734154ca9b99fe65f67c4f31748fa058,advanced/ADVANCED/#U00c1UDIO/LISTENING/ADV LISTENING #17 PIZZA DELIVERY.mp3
advanced,listening,17,Pizza Delivery,teacher_guide,materials/advanced/listening/listening-17/teacher-guide.pdf,118077,88104a86770de5f14c5a46d641b84d30a642aaeaf0f137401f60d1a885fc5e2a,advanced/ADVANCED/LISTENING/TEACHER/ADV LISTENING #17 PIZZA DELIVERY TG.pdf
advanced,listening,18,Car Accident,student_pdf,materials/advanced/listening/listening-18/student.pdf,98036,ba955de6d1e0bbfd04c95d2c502c77e95c983ca0e23ab0c3af64b62fcd615203,advanced/ADVANCED/LISTENING/STUDENT/ADV LISTENING #18 CAR ACCIDENT.pdf
advanced,listening,18,Car Accident,audio,materials/advanced/listening/listening-18/audio.mp3,2583488,587bad01e7c2dbed1c61be5a9aefa30dd53f64de8497efe635934aac2e3cefdf,advanced/ADVANCED/#U00c1UDIO/LISTENING/ADV LISTENING #18 CAR ACCIDENT.mp3
advanced,listening,18,Car Accident,teacher_guide,materials/advanced/listening/listening-18/teacher-guide.pdf,108250,36de246ee5f72fdc4b40647b93cd01adbf232d7f59e58a9c13ad4daf010f7f25,advanced/ADVANCED/LISTENING/TEACHER/ADV LISTENING #18 CAR ACCIDENT TG.pdf
advanced,listening,19,Hamburguer Restaurant,student_pdf,materials/advanced/listening/listening-19/student.pdf,88713,3b1d4e32a84b3e0f58d8f4b3aa7a1e3dc975672279e552a61fa347379a9eeb04,advanced/ADVANCED/LISTENING/STUDENT/ADV LISTENING #19 HAMBURGUER RESTAURANT.pdf
advanced,listening,19,Hamburguer Restaurant,audio,materials/advanced/listening/listening-19/audio.mp3,2050719,446adf847880f6a11c8970a9879fa06cb25318a882eecf2f77ed3c03c8e6a290,advanced/ADVANCED/#U00c1UDIO/LISTENING/ADV LISTENING #19 HAMBURGUER RESTAURANT.mp3
advanced,listening,19,Hamburguer Restaurant,teacher_guide,materials/advanced/listening/listening-19/teacher-guide.pdf,145348,16231a4d3617aed99c0abb3c2d4dbfb367fb05774ba9aa4ebce05f7df6356319,advanced/ADVANCED/LISTENING/TEACHER/ADV LISTENING #19 HAMBURGUER RESTAURANT TG.pdf
advanced,listening,20,Driverless Cars,student_pdf,materials/advanced/listening/listening-20/student.pdf,91082,647036c73e1c88410299120bca13c49ad5bdd5f1370a46ebc131d93960bc6c76,advanced/ADVANCED/LISTENING/STUDENT/ADV LISTENING #20 DRIVERLESS CARS.pdf
advanced,listening,20,Driverless Cars,audio,materials/advanced/listening/listening-20/audio.mp3,4862993,eb807a8fce481d1e2a55567259029bcd04df251d4b4e0d332a64a28d2ff565f8,advanced/ADVANCED/#U00c1UDIO/LISTENING/ADV LISTENING #20 DRIVERLESS CARS.mp3
advanced,listening,20,Driverless Cars,teacher_guide,materials/advanced/listening/listening-20/teacher-guide.pdf,99377,3cb4bca88e25721af4a44f37b12b15c878fc8c90da7bc39683d6b7b50144a68b,advanced/ADVANCED/LISTENING/TEACHER/ADV LISTENING #20 DRIVERLESS CARS TG.pdf
advanced,listening,21,The Benefits of English,student_pdf,materials/advanced/listening/listening-21/student.pdf,90773,e10102f9344cc1bd690b22f7815c250da3c11ac23744642599d89128bb118bee,advanced/ADVANCED/LISTENING/STUDENT/ADV LISTENING #21 THE BENEFITS OF ENGLISH.pdf
advanced,listening,21,The Benefits of English,audio,materials/advanced/listening/listening-21/audio.mp3,3255002,ced62a06b79035000c5f9c605d90584a506c1302cfd3679a42c33e5df1493fcc,advanced/ADVANCED/#U00c1UDIO/LISTENING/ADV LISTENING #21 THE BENEFITS OF ENGLISH.mp3
advanced,listening,21,The Benefits of English,teacher_guide,materials/advanced/listening/listening-21/teacher-guide.pdf,146809,093fc88de34e179cedc5770959a0161dafb3f029f23ed5f2152ef7c39af6d340,advanced/ADVANCED/LISTENING/TEACHER/ADV LISTENING #21 THE BENEFITS OF ENGLISH TG.pdf
advanced,listening,22,The Dark Side of Avocados,student_pdf,materials/advanced/listening/listening-22/student.pdf,89442,2360716fbefe9fc9594aab47004c346b6d32bfe8a8f04aa88d3c00e37f1d0fae,advanced/ADVANCED/LISTENING/STUDENT/ADV LISTENING #22 THE DARK SIDE OF AVOCADOS .pdf
advanced,listening,22,The Dark Side of Avocados,audio,materials/advanced/listening/listening-22/audio.mp3,3482718,b39b69e0d42af1c2ca1020c46bdb63ab9e71364c096ed8b000f0441ebeb23838,advanced/ADVANCED/#U00c1UDIO/LISTENING/ADV LISTENING #22 THE DARK SIDE OF AVOCADOS.mp3
advanced,listening,22,The Dark Side of Avocados,teacher_guide,materials/advanced/listening/listening-22/teacher-guide.pdf,130973,08e9f4853c6499f9447ec9165ba7d9828f7e48dcac229fa044bff78486b6f5e3,advanced/ADVANCED/LISTENING/TEACHER/ADV LISTENING #22 THE DARK SIDE OF AVOCADOS TG.pdf
advanced,listening,23,Machine Learning,student_pdf,materials/advanced/listening/listening-23/student.pdf,89249,48d7738a34c514af6c79aac8450189a8e701c882dc5186497826ef1c743154f9,advanced/ADVANCED/LISTENING/STUDENT/ADV LISTENING #23 MACHINE LEARNING.pdf
advanced,listening,23,Machine Learning,audio,materials/advanced/listening/listening-23/audio.mp3,4337082,8ed7129747657fed4d01ec285166bd70bf8092b0a95a304feacfe83dedbf84f9,advanced/ADVANCED/#U00c1UDIO/LISTENING/ADV LISTENING #23 MACHINE LEARNING.mp3
advanced,listening,23,Machine Learning,teacher_guide,materials/advanced/listening/listening-23/teacher-guide.pdf,119646,a049215c2f7ce2b399725e98373e385740f7aff0b18e62a1f0ad7f1eaff025de,advanced/ADVANCED/LISTENING/TEACHER/ADV LISTENING #23 MACHINE LEARNING TG.pdf
advanced,listening,24,Building Robots in School,student_pdf,materials/advanced/listening/listening-24/student.pdf,97095,4bc24b2d6507186751c28b7aca461f88587a8a70b492d941fefd86065a8ca43f,advanced/ADVANCED/LISTENING/STUDENT/ADV LISTENING #24 BUILDING ROBOTS IN SCHOOL.pdf
advanced,listening,24,Building Robots in School,audio,materials/advanced/listening/listening-24/audio.mp3,3712004,b7426f480bb81240c153d5d708fe41f50aed5be0c8534219e3ecb09e1364bd79,advanced/ADVANCED/#U00c1UDIO/LISTENING/ADV LISTENING #24 BUILDING ROBOTS IN SCHOOL.mp3
advanced,listening,24,Building Robots in School,teacher_guide,materials/advanced/listening/listening-24/teacher-guide.pdf,130933,3a8752946c7100098306b92aa0e87cac20ca7469de188d16d6a0614dccd48a9a,advanced/ADVANCED/LISTENING/TEACHER/ADV LISTENING #24 BUILDING ROBOTS IN SCHOOL TG.pdf
advanced,listening,25,The Mongol Empire,student_pdf,materials/advanced/listening/listening-25/student.pdf,88384,c53b01bd99dd3696c0d5401f8b3519db043db7078063f40692e87bd74e3a2bba,advanced/ADVANCED/LISTENING/STUDENT/ADV LISTENING #25 THE MONGOL EMPIRE .pdf
advanced,listening,25,The Mongol Empire,audio,materials/advanced/listening/listening-25/audio.mp3,2059977,56cbaac5e6803c6b8e957087d35a5d50161123c5828786cf27f9377a73af48c0,advanced/ADVANCED/#U00c1UDIO/LISTENING/ADV LISTENING #25 THE MONGOL EMPIRE.mp3
advanced,listening,25,The Mongol Empire,teacher_guide,materials/advanced/listening/listening-25/teacher-guide.pdf,125495,aa53ce8026055c4c4f8af8d75693a3dae9aab505d165e82ffc16ef75580063c2,advanced/ADVANCED/LISTENING/TEACHER/ADV LISTENING #25 THE MONGOL EMPIRE TG.pdf
advanced,listening,26,Love and Friendships,student_pdf,materials/advanced/listening/listening-26/student.pdf,90328,6cb33a6ec0e1879cfada6660378644929f11b52684568fc605b1782e7c6a1eeb,advanced/ADVANCED/LISTENING/STUDENT/ADV LISTENING #26 LOVE AND FRIENDSHIPS .pdf
advanced,listening,26,Love and Friendships,audio,materials/advanced/listening/listening-26/audio.mp3,4318478,4a3676ae829c27d1dc7ada50571394d79c06ae6dca84d87747b4c098baa41aa9,advanced/ADVANCED/#U00c1UDIO/LISTENING/ADV LISTENING #26 LOVE AND FRIENDSHIPS.mp3
advanced,listening,26,Love and Friendships,teacher_guide,materials/advanced/listening/listening-26/teacher-guide.pdf,111450,c1f2de41a9a47177ed7d9e12bc68a559119d74d61540122ecbba78ae7389cf32,advanced/ADVANCED/LISTENING/TEACHER/ADV LISTENING #26 LOVE AND FRIENDSHIPS TG.pdf
advanced,listening,27,An Unusual Supernova,student_pdf,materials/advanced/listening/listening-27/student.pdf,91730,06f6b9202cca9c26a45ae3fab1fd2878737db370efa3cd64125d33aae1dfa540,advanced/ADVANCED/LISTENING/STUDENT/ADV LISTENING #27 AN UNUSUAL SUPERNOVA.pdf
advanced,listening,27,An Unusual Supernova,audio,materials/advanced/listening/listening-27/audio.mp3,2580512,494d0921ee32b8e8655e5823cc089b8de568b0ec52d28a176563bd2159070ed9,advanced/ADVANCED/#U00c1UDIO/LISTENING/ADV LISTENING #27 AN UNUSUAL SUPERNOVA.mp3
advanced,listening,27,An Unusual Supernova,teacher_guide,materials/advanced/listening/listening-27/teacher-guide.pdf,109506,ab98b26592cd6bb5fc68dc5e6a0b4e33c27b54a2c3a08240a319f147f3aaecfc,advanced/ADVANCED/LISTENING/TEACHER/ADV LISTENING #27 AN UNUSUAL SUPERNOVA TG.pdf
advanced,listening,28,Growing in Space,student_pdf,materials/advanced/listening/listening-28/student.pdf,93814,30312f0876f89a1510f183d83af9053258bf69c297af8c3a0e651830861f1780,advanced/ADVANCED/LISTENING/STUDENT/ADV LISTENING #28 GROWING IN SPACE.pdf
advanced,listening,28,Growing in Space,audio,materials/advanced/listening/listening-28/audio.mp3,3189418,68517845ce96d389b2461b0db4c1c94db88c60481c9615b1a78f42689cbb9085,advanced/ADVANCED/#U00c1UDIO/LISTENING/ADV LISTENING #28 GROWING IN SPACE.mp3
advanced,listening,28,Growing in Space,teacher_guide,materials/advanced/listening/listening-28/teacher-guide.pdf,122341,a01f9cbb24dadb002dd48a7fbf68cf7c719496f8b24bff48a51403a58028ff74,advanced/ADVANCED/LISTENING/TEACHER/ADV LISTENING #28 GROWING IN SPACE TG.pdf
advanced,listening,29,Coffee-Powered Buses,student_pdf,materials/advanced/listening/listening-29/student.pdf,98086,4e0ce1d19cc5d168be32313c8394296a8f8372ff1bc02c3c593c76bd01563217,advanced/ADVANCED/LISTENING/STUDENT/ADV LISTENING #29 COFFEE-POWERED BUSES.pdf
advanced,listening,29,Coffee-Powered Buses,audio,materials/advanced/listening/listening-29/audio.mp3,2351453,c6a24b57bbb4733fe8df86552cad2d56425d420812ff1d5faeab8edbf9169c37,advanced/ADVANCED/#U00c1UDIO/LISTENING/ADV LISTENING #29 COFFEE-POWERED BUSES.mp3
advanced,listening,29,Coffee-Powered Buses,teacher_guide,materials/advanced/listening/listening-29/teacher-guide.pdf,109225,45929698c14cd998049510ce3f99f5a797624a390c5f08b10563137ae0518804,advanced/ADVANCED/LISTENING/TEACHER/ADV LISTENING #29 COFFEE-POWERED BUSES TG.pdf
advanced,listening,30,Dog Intelligence,student_pdf,materials/advanced/listening/listening-30/student.pdf,88245,bfe2905dac90118d989020cec45952ad643327d13a63aa563ba3a8472f8a9457,advanced/ADVANCED/LISTENING/STUDENT/ADV LISTENING #30 DOG INTELLIGENCE .pdf
advanced,listening,30,Dog Intelligence,audio,materials/advanced/listening/listening-30/audio.mp3,2518722,6a4281addc703f4fea2d7969729cc35ce46c1b979649cf55d5a76c22301d6f47,advanced/ADVANCED/#U00c1UDIO/LISTENING/ADV LISTENING #30 DOG INTELLIGENCE.mp3
advanced,listening,30,Dog Intelligence,teacher_guide,materials/advanced/listening/listening-30/teacher-guide.pdf,113041,a1010367b877e7d78c2ba30e6f133db96799b7869113e1e623e7266957d01656,advanced/ADVANCED/LISTENING/TEACHER/ADV LISTENING #30 DOG INTELLIGENCE TG.pdf
